record_id,source_page,topic,record_type,title_ar,normativity,verification_status,source_alignment_status,production_use
TU-GUIDE-0001,1,document_metadata,metadata,هوية الدليل,DESCRIPTIVE,EXTRACTED,NOT_SECOND_PASS_CHECKED,KNOWLEDGE_RESPONSE_AFTER_SOURCE_VERIFICATION
TU-GUIDE-0002,3,document_scope,scope,غرض الدليل,DESCRIPTIVE,EXTRACTED,NOT_SECOND_PASS_CHECKED,KNOWLEDGE_RESPONSE_AFTER_SOURCE_VERIFICATION
TU-GUIDE-0003,4,document_scope,scope,نطاق المحتوى,DESCRIPTIVE,EXTRACTED,NOT_SECOND_PASS_CHECKED,KNOWLEDGE_RESPONSE_AFTER_SOURCE_VERIFICATION
TU-GUIDE-0004,5,document_scope,index,موضوعات الفصل الأول,DESCRIPTIVE,EXTRACTED,NOT_SECOND_PASS_CHECKED,KNOWLEDGE_RESPONSE_AFTER_SOURCE_VERIFICATION
TU-GUIDE-0005,5,document_scope,index,موضوعات الفصل الثاني,DESCRIPTIVE,EXTRACTED,NOT_SECOND_PASS_CHECKED,KNOWLEDGE_RESPONSE_AFTER_SOURCE_VERIFICATION
TU-GUIDE-0006,7,academic_terms,definition,العام الدراسي,DESCRIPTIVE,EXTRACTED,NOT_SECOND_PASS_CHECKED,KNOWLEDGE_RESPONSE_AFTER_SOURCE_VERIFICATION
TU-GUIDE-0007,7,academic_terms,definition,النظام الدراسي,DESCRIPTIVE,EXTRACTED,NOT_SECOND_PASS_CHECKED,KNOWLEDGE_RESPONSE_AFTER_SOURCE_VERIFICATION
TU-GUIDE-0008,7,academic_terms,definition,الفصل الدراسي,DESCRIPTIVE,EXTRACTED,NOT_SECOND_PASS_CHECKED,KNOWLEDGE_RESPONSE_AFTER_SOURCE_VERIFICATION
TU-GUIDE-0009,7,academic_terms,definition,المستوى الدراسي,DESCRIPTIVE,EXTRACTED,NOT_SECOND_PASS_CHECKED,KNOWLEDGE_RESPONSE_AFTER_SOURCE_VERIFICATION
TU-GUIDE-0010,7,academic_terms,definition,السنة الدراسية,DESCRIPTIVE,EXTRACTED,NOT_SECOND_PASS_CHECKED,KNOWLEDGE_RESPONSE_AFTER_SOURCE_VERIFICATION
TU-GUIDE-0011,7,academic_terms,definition,الفصل الصيفي,DESCRIPTIVE,EXTRACTED,NOT_SECOND_PASS_CHECKED,KNOWLEDGE_RESPONSE_AFTER_SOURCE_VERIFICATION
TU-GUIDE-0012,7,academic_terms,definition,المستوى الصيفي,DESCRIPTIVE,EXTRACTED,NOT_SECOND_PASS_CHECKED,KNOWLEDGE_RESPONSE_AFTER_SOURCE_VERIFICATION
TU-GUIDE-0013,7,academic_terms,definition,الخطة الدراسية,DESCRIPTIVE,EXTRACTED,NOT_SECOND_PASS_CHECKED,KNOWLEDGE_RESPONSE_AFTER_SOURCE_VERIFICATION
TU-GUIDE-0014,7,academic_terms,definition,المقرر الدراسي,DESCRIPTIVE,EXTRACTED,NOT_SECOND_PASS_CHECKED,KNOWLEDGE_RESPONSE_AFTER_SOURCE_VERIFICATION
TU-GUIDE-0015,7,academic_terms,definition,الوحدة الدراسية,DESCRIPTIVE,EXTRACTED,NOT_SECOND_PASS_CHECKED,KNOWLEDGE_RESPONSE_AFTER_SOURCE_VERIFICATION
TU-GUIDE-0016,7,academic_terms,definition,أنماط التعليم,DESCRIPTIVE,EXTRACTED,NOT_SECOND_PASS_CHECKED,KNOWLEDGE_RESPONSE_AFTER_SOURCE_VERIFICATION
TU-GUIDE-0017,7,academic_terms,definition,برنامج الترقية الأكاديمية (التجسير),DESCRIPTIVE,EXTRACTED,NOT_SECOND_PASS_CHECKED,KNOWLEDGE_RESPONSE_AFTER_SOURCE_VERIFICATION
TU-GUIDE-0018,8,academic_terms,definition,درجة الأعمال الفصلية,DESCRIPTIVE,EXTRACTED,NOT_SECOND_PASS_CHECKED,KNOWLEDGE_RESPONSE_AFTER_SOURCE_VERIFICATION
TU-GUIDE-0019,8,academic_terms,definition,الاختبار النهائي,DESCRIPTIVE,EXTRACTED,NOT_SECOND_PASS_CHECKED,KNOWLEDGE_RESPONSE_AFTER_SOURCE_VERIFICATION
TU-GUIDE-0020,8,academic_terms,definition,درجة الاختبار النهائي,DESCRIPTIVE,EXTRACTED,NOT_SECOND_PASS_CHECKED,KNOWLEDGE_RESPONSE_AFTER_SOURCE_VERIFICATION
TU-GUIDE-0021,8,academic_terms,definition,الدرجة النهائية,DESCRIPTIVE,EXTRACTED,NOT_SECOND_PASS_CHECKED,KNOWLEDGE_RESPONSE_AFTER_SOURCE_VERIFICATION
TU-GUIDE-0022,8,academic_terms,definition,السجل الأكاديمي,DESCRIPTIVE,EXTRACTED,NOT_SECOND_PASS_CHECKED,KNOWLEDGE_RESPONSE_AFTER_SOURCE_VERIFICATION
TU-GUIDE-0023,8,academic_terms,definition,الطالب الزائر,DESCRIPTIVE,EXTRACTED,NOT_SECOND_PASS_CHECKED,KNOWLEDGE_RESPONSE_AFTER_SOURCE_VERIFICATION
TU-GUIDE-0024,8,academic_terms,definition,التقدير,DESCRIPTIVE,EXTRACTED,NOT_SECOND_PASS_CHECKED,KNOWLEDGE_RESPONSE_AFTER_SOURCE_VERIFICATION
TU-GUIDE-0025,8,academic_terms,definition,تقدير غير مكتمل,DESCRIPTIVE,EXTRACTED,NOT_SECOND_PASS_CHECKED,KNOWLEDGE_RESPONSE_AFTER_SOURCE_VERIFICATION
TU-GUIDE-0026,8,academic_terms,definition,تقدير مستمر,DESCRIPTIVE,EXTRACTED,NOT_SECOND_PASS_CHECKED,KNOWLEDGE_RESPONSE_AFTER_SOURCE_VERIFICATION
TU-GUIDE-0027,8,academic_terms,definition,المعدل الفصلي,DESCRIPTIVE,EXTRACTED,NOT_SECOND_PASS_CHECKED,KNOWLEDGE_RESPONSE_AFTER_SOURCE_VERIFICATION
TU-GUIDE-0028,8,academic_terms,definition,المعدل التراكمي,DESCRIPTIVE,EXTRACTED,NOT_SECOND_PASS_CHECKED,KNOWLEDGE_RESPONSE_AFTER_SOURCE_VERIFICATION
TU-GUIDE-0029,9,academic_terms,definition,التقدير العام,DESCRIPTIVE,EXTRACTED,NOT_SECOND_PASS_CHECKED,KNOWLEDGE_RESPONSE_AFTER_SOURCE_VERIFICATION
TU-GUIDE-0030,9,academic_terms,definition,العبء الدراسي,DESCRIPTIVE,EXTRACTED,NOT_SECOND_PASS_CHECKED,KNOWLEDGE_RESPONSE_AFTER_SOURCE_VERIFICATION
TU-GUIDE-0031,9,academic_terms,definition,البرنامج الدراسي,DESCRIPTIVE,EXTRACTED,NOT_SECOND_PASS_CHECKED,KNOWLEDGE_RESPONSE_AFTER_SOURCE_VERIFICATION
TU-GUIDE-0032,9,academic_terms,definition,متطلبات الجامعة,DESCRIPTIVE,EXTRACTED,NOT_SECOND_PASS_CHECKED,KNOWLEDGE_RESPONSE_AFTER_SOURCE_VERIFICATION
TU-GUIDE-0033,9,academic_terms,definition,متطلبات الكلية,DESCRIPTIVE,EXTRACTED,NOT_SECOND_PASS_CHECKED,KNOWLEDGE_RESPONSE_AFTER_SOURCE_VERIFICATION
TU-GUIDE-0034,9,academic_terms,definition,متطلبات البرنامج,DESCRIPTIVE,EXTRACTED,NOT_SECOND_PASS_CHECKED,KNOWLEDGE_RESPONSE_AFTER_SOURCE_VERIFICATION
TU-GUIDE-0035,9,academic_terms,definition,المقررات الاختيارية,DESCRIPTIVE,EXTRACTED,NOT_SECOND_PASS_CHECKED,KNOWLEDGE_RESPONSE_AFTER_SOURCE_VERIFICATION
TU-GUIDE-0036,9,academic_terms,definition,المقررات المساعدة,DESCRIPTIVE,EXTRACTED,NOT_SECOND_PASS_CHECKED,KNOWLEDGE_RESPONSE_AFTER_SOURCE_VERIFICATION
TU-GUIDE-0037,9,academic_terms,definition,المقررات الحرة,DESCRIPTIVE,EXTRACTED,NOT_SECOND_PASS_CHECKED,KNOWLEDGE_RESPONSE_AFTER_SOURCE_VERIFICATION
TU-GUIDE-0038,9,academic_terms,definition,المتطلب السابق,DESCRIPTIVE,EXTRACTED,NOT_SECOND_PASS_CHECKED,KNOWLEDGE_RESPONSE_AFTER_SOURCE_VERIFICATION
TU-GUIDE-0039,9,academic_terms,definition,الانقطاع,DESCRIPTIVE,EXTRACTED,NOT_SECOND_PASS_CHECKED,KNOWLEDGE_RESPONSE_AFTER_SOURCE_VERIFICATION
TU-GUIDE-0040,9,academic_terms,definition,طي القيد,DESCRIPTIVE,EXTRACTED,NOT_SECOND_PASS_CHECKED,KNOWLEDGE_RESPONSE_AFTER_SOURCE_VERIFICATION
TU-GUIDE-0041,10,academic_advising,definition,الإرشاد الأكاديمي,DESCRIPTIVE,EXTRACTED,NOT_SECOND_PASS_CHECKED,KNOWLEDGE_RESPONSE_AFTER_SOURCE_VERIFICATION
TU-GUIDE-0042,10,academic_advising,principle,مسؤولية مشتركة,ADVISORY,EXTRACTED,NOT_SECOND_PASS_CHECKED,KNOWLEDGE_RESPONSE_AFTER_SOURCE_VERIFICATION
TU-GUIDE-0043,11,academic_advising_programmes,programme,برنامج المستجدين,DESCRIPTIVE,EXTRACTED,NOT_SECOND_PASS_CHECKED,KNOWLEDGE_RESPONSE_AFTER_SOURCE_VERIFICATION
TU-GUIDE-0044,11,academic_advising_programmes,programme,برنامج ذوي الاحتياجات الخاصة,DESCRIPTIVE,EXTRACTED,NOT_SECOND_PASS_CHECKED,KNOWLEDGE_RESPONSE_AFTER_SOURCE_VERIFICATION
TU-GUIDE-0045,11,academic_advising_programmes,programme,برنامج المتعثرين,DESCRIPTIVE,EXTRACTED,NOT_SECOND_PASS_CHECKED,KNOWLEDGE_RESPONSE_AFTER_SOURCE_VERIFICATION
TU-GUIDE-0046,11,academic_advising_programmes,programme,برنامج المتفوقين,DESCRIPTIVE,EXTRACTED,NOT_SECOND_PASS_CHECKED,KNOWLEDGE_RESPONSE_AFTER_SOURCE_VERIFICATION
TU-GUIDE-0047,11,academic_advising_programmes,programme,تحفيز الإرشاد في الكليات,DESCRIPTIVE,EXTRACTED,NOT_SECOND_PASS_CHECKED,KNOWLEDGE_RESPONSE_AFTER_SOURCE_VERIFICATION
TU-GUIDE-0048,12,academic_advising,objective,هدف الإرشاد الأكاديمي 1,ADVISORY,EXTRACTED,NOT_SECOND_PASS_CHECKED,KNOWLEDGE_RESPONSE_AFTER_SOURCE_VERIFICATION
TU-GUIDE-0049,12,academic_advising,objective,هدف الإرشاد الأكاديمي 2,ADVISORY,EXTRACTED,NOT_SECOND_PASS_CHECKED,KNOWLEDGE_RESPONSE_AFTER_SOURCE_VERIFICATION
TU-GUIDE-0050,12,academic_advising,objective,هدف الإرشاد الأكاديمي 3,ADVISORY,EXTRACTED,NOT_SECOND_PASS_CHECKED,KNOWLEDGE_RESPONSE_AFTER_SOURCE_VERIFICATION
TU-GUIDE-0051,12,academic_advising,objective,هدف الإرشاد الأكاديمي 4,ADVISORY,EXTRACTED,NOT_SECOND_PASS_CHECKED,KNOWLEDGE_RESPONSE_AFTER_SOURCE_VERIFICATION
TU-GUIDE-0052,12,academic_advising,objective,هدف الإرشاد الأكاديمي 5,ADVISORY,EXTRACTED,NOT_SECOND_PASS_CHECKED,KNOWLEDGE_RESPONSE_AFTER_SOURCE_VERIFICATION
TU-GUIDE-0053,12,academic_advising,objective,هدف الإرشاد الأكاديمي 6,ADVISORY,EXTRACTED,NOT_SECOND_PASS_CHECKED,KNOWLEDGE_RESPONSE_AFTER_SOURCE_VERIFICATION
TU-GUIDE-0054,12,academic_advising,objective,هدف الإرشاد الأكاديمي 7,ADVISORY,EXTRACTED,NOT_SECOND_PASS_CHECKED,KNOWLEDGE_RESPONSE_AFTER_SOURCE_VERIFICATION
TU-GUIDE-0055,12,academic_advising,objective,هدف الإرشاد الأكاديمي 8,ADVISORY,EXTRACTED,NOT_SECOND_PASS_CHECKED,KNOWLEDGE_RESPONSE_AFTER_SOURCE_VERIFICATION
TU-GUIDE-0056,13,academic_advising_roles,responsibility,دور الطالب,ADVISORY,EXTRACTED,NOT_SECOND_PASS_CHECKED,KNOWLEDGE_RESPONSE_AFTER_SOURCE_VERIFICATION
TU-GUIDE-0057,13,academic_advising_roles,responsibility,دور عمادة القبول والتسجيل,ADVISORY,EXTRACTED,NOT_SECOND_PASS_CHECKED,KNOWLEDGE_RESPONSE_AFTER_SOURCE_VERIFICATION
TU-GUIDE-0058,13,academic_advising_roles,responsibility,دور الكلية والقسم,ADVISORY,EXTRACTED,NOT_SECOND_PASS_CHECKED,KNOWLEDGE_RESPONSE_AFTER_SOURCE_VERIFICATION
TU-GUIDE-0059,13,academic_advising_roles,responsibility,دور المرشد الأكاديمي,ADVISORY,EXTRACTED,NOT_SECOND_PASS_CHECKED,KNOWLEDGE_RESPONSE_AFTER_SOURCE_VERIFICATION
TU-GUIDE-0060,14,advising_tools,tool,الخطة الدراسية للتخصص,DESCRIPTIVE,EXTRACTED,NOT_SECOND_PASS_CHECKED,KNOWLEDGE_RESPONSE_AFTER_SOURCE_VERIFICATION
TU-GUIDE-0061,14,advising_tools,tool,قواعد قبول طلاب المنح غير السعوديين,DESCRIPTIVE,EXTRACTED,AI_CHECKED_AGAINST_RENDERED_PAGE_AND_PDF_ANNOTATION,KNOWLEDGE_RESPONSE_AFTER_SOURCE_VERIFICATION
TU-GUIDE-0062,14,advising_tools,tool,لائحة الدراسة والاختبارات وقواعدها التنفيذية,DESCRIPTIVE,EXTRACTED,AI_CHECKED_AGAINST_RENDERED_PAGE_AND_PDF_ANNOTATION,KNOWLEDGE_RESPONSE_AFTER_SOURCE_VERIFICATION
TU-GUIDE-0063,14,advising_tools,tool,الجدول الدراسي,DESCRIPTIVE,EXTRACTED,NOT_SECOND_PASS_CHECKED,KNOWLEDGE_RESPONSE_AFTER_SOURCE_VERIFICATION
TU-GUIDE-0064,14,advising_tools,tool,السجل الأكاديمي,DESCRIPTIVE,EXTRACTED,NOT_SECOND_PASS_CHECKED,KNOWLEDGE_RESPONSE_AFTER_SOURCE_VERIFICATION
TU-GUIDE-0065,14,advising_tools,tool,البريد الإلكتروني الجامعي,DESCRIPTIVE,EXTRACTED,NOT_SECOND_PASS_CHECKED,KNOWLEDGE_RESPONSE_AFTER_SOURCE_VERIFICATION
TU-GUIDE-0066,14,advising_tools,guidance,الوصول إلى الأدوات,ADVISORY,EXTRACTED,NOT_SECOND_PASS_CHECKED,KNOWLEDGE_RESPONSE_AFTER_SOURCE_VERIFICATION
TU-GUIDE-0067,14,advising_tools,guidance,مطابقة الخطة بالسجل,ADVISORY,EXTRACTED,NOT_SECOND_PASS_CHECKED,KNOWLEDGE_RESPONSE_AFTER_SOURCE_VERIFICATION
TU-GUIDE-0068,15,advisor_communication,communication_channel,الإرشاد المباشر,ADVISORY,EXTRACTED,NOT_SECOND_PASS_CHECKED,KNOWLEDGE_RESPONSE_AFTER_SOURCE_VERIFICATION
TU-GUIDE-0069,15,advisor_communication,communication_channel,منصة خدمة تك,ADVISORY,EXTRACTED,NOT_SECOND_PASS_CHECKED,KNOWLEDGE_RESPONSE_AFTER_SOURCE_VERIFICATION
TU-GUIDE-0070,15,advisor_communication,communication_channel,البلاك بورد,ADVISORY,EXTRACTED,NOT_SECOND_PASS_CHECKED,KNOWLEDGE_RESPONSE_AFTER_SOURCE_VERIFICATION
TU-GUIDE-0071,15,advisor_communication,communication_channel,البريد الإلكتروني,ADVISORY,EXTRACTED,NOT_SECOND_PASS_CHECKED,KNOWLEDGE_RESPONSE_AFTER_SOURCE_VERIFICATION
TU-GUIDE-0072,15,advisor_communication,communication_channel,الهاتف أو Microsoft Teams,ADVISORY,EXTRACTED,NOT_SECOND_PASS_CHECKED,KNOWLEDGE_RESPONSE_AFTER_SOURCE_VERIFICATION
TU-GUIDE-0073,15,advisor_communication,principle,استمرارية التواصل,ADVISORY,EXTRACTED,NOT_SECOND_PASS_CHECKED,KNOWLEDGE_RESPONSE_AFTER_SOURCE_VERIFICATION
TU-GUIDE-0074,16,advising_beneficiaries,beneficiary_group,الطلبة المستجدون,DESCRIPTIVE,EXTRACTED,NOT_SECOND_PASS_CHECKED,KNOWLEDGE_RESPONSE_AFTER_SOURCE_VERIFICATION
TU-GUIDE-0075,16,advising_beneficiaries,beneficiary_group,الطلبة المتخصصون,DESCRIPTIVE,EXTRACTED,NOT_SECOND_PASS_CHECKED,KNOWLEDGE_RESPONSE_AFTER_SOURCE_VERIFICATION
TU-GUIDE-0076,17,advising_workflow,workflow_step,تحديد فئة الطالب,PROCEDURAL_SUMMARY,EXTRACTED,NOT_SECOND_PASS_CHECKED,EXPLAIN_ONLY_UNTIL_AUTHORITY_REVIEW
TU-GUIDE-0077,17,advising_workflow,workflow_step,توزيع الطلبة على المرشدين,PROCEDURAL_SUMMARY,EXTRACTED,NOT_SECOND_PASS_CHECKED,EXPLAIN_ONLY_UNTIL_AUTHORITY_REVIEW
TU-GUIDE-0078,17,advising_workflow,workflow_step,إنشاء حالة الإرشاد,PROCEDURAL_SUMMARY,EXTRACTED,NOT_SECOND_PASS_CHECKED,EXPLAIN_ONLY_UNTIL_AUTHORITY_REVIEW
TU-GUIDE-0079,17,advising_workflow,workflow_step,تسجيل رغبات الفصل التالي,PROCEDURAL_SUMMARY,EXTRACTED,NOT_SECOND_PASS_CHECKED,EXPLAIN_ONLY_UNTIL_AUTHORITY_REVIEW
TU-GUIDE-0080,17,advising_workflow,workflow_step,بدء العمل مع المرشد,PROCEDURAL_SUMMARY,EXTRACTED,NOT_SECOND_PASS_CHECKED,EXPLAIN_ONLY_UNTIL_AUTHORITY_REVIEW
TU-GUIDE-0081,17,advising_workflow,workflow_step,التسجيل النهائي,PROCEDURAL_SUMMARY,EXTRACTED,NOT_SECOND_PASS_CHECKED,EXPLAIN_ONLY_UNTIL_AUTHORITY_REVIEW
TU-GUIDE-0082,17,registration,rule,نهائية الجدول,NORMATIVE_SUMMARY,EXTRACTED,NOT_SECOND_PASS_CHECKED,EXPLAIN_ONLY_UNTIL_AUTHORITY_REVIEW
TU-GUIDE-0083,17,registration,rule,تعديل الاختيارات,NORMATIVE_SUMMARY,EXTRACTED,NOT_SECOND_PASS_CHECKED,EXPLAIN_ONLY_UNTIL_AUTHORITY_REVIEW
TU-GUIDE-0084,17,registration,rule,التسجيل بالتجاوز,NORMATIVE_SUMMARY,EXTRACTED,NOT_SECOND_PASS_CHECKED,EXPLAIN_ONLY_UNTIL_AUTHORITY_REVIEW
TU-GUIDE-0085,17,programme_transfer,rule,تغيير التخصص,NORMATIVE_SUMMARY,EXTRACTED,NOT_SECOND_PASS_CHECKED,EXPLAIN_ONLY_UNTIL_AUTHORITY_REVIEW
TU-GUIDE-0086,18,student_rights,right,حق التواصل,NORMATIVE_SUMMARY,EXTRACTED,NOT_SECOND_PASS_CHECKED,EXPLAIN_ONLY_UNTIL_AUTHORITY_REVIEW
TU-GUIDE-0087,18,student_rights,right,حق خدمات التسجيل,NORMATIVE_SUMMARY,EXTRACTED,NOT_SECOND_PASS_CHECKED,EXPLAIN_ONLY_UNTIL_AUTHORITY_REVIEW
TU-GUIDE-0088,18,student_rights,right,حق المناقشة,NORMATIVE_SUMMARY,EXTRACTED,NOT_SECOND_PASS_CHECKED,EXPLAIN_ONLY_UNTIL_AUTHORITY_REVIEW
TU-GUIDE-0089,18,student_rights,right,حق الاستفادة من الخدمات,NORMATIVE_SUMMARY,EXTRACTED,NOT_SECOND_PASS_CHECKED,EXPLAIN_ONLY_UNTIL_AUTHORITY_REVIEW
TU-GUIDE-0090,18,student_rights,right,حق الإرشاد المستمر,NORMATIVE_SUMMARY,EXTRACTED,NOT_SECOND_PASS_CHECKED,EXPLAIN_ONLY_UNTIL_AUTHORITY_REVIEW
TU-GUIDE-0091,18,student_rights,right,حق السرية,NORMATIVE_SUMMARY,EXTRACTED,NOT_SECOND_PASS_CHECKED,EXPLAIN_ONLY_UNTIL_AUTHORITY_REVIEW
TU-GUIDE-0092,19,student_duties,duty,قراءة دليل الإرشاد,NORMATIVE_SUMMARY,EXTRACTED,NOT_SECOND_PASS_CHECKED,EXPLAIN_ONLY_UNTIL_AUTHORITY_REVIEW
TU-GUIDE-0093,19,student_duties,duty,قراءة اللائحة,NORMATIVE_SUMMARY,EXTRACTED,NOT_SECOND_PASS_CHECKED,EXPLAIN_ONLY_UNTIL_AUTHORITY_REVIEW
TU-GUIDE-0094,19,student_duties,duty,تحمل المسؤولية,NORMATIVE_SUMMARY,EXTRACTED,NOT_SECOND_PASS_CHECKED,EXPLAIN_ONLY_UNTIL_AUTHORITY_REVIEW
TU-GUIDE-0095,19,student_duties,duty,معرفة المرشد,NORMATIVE_SUMMARY,EXTRACTED,NOT_SECOND_PASS_CHECKED,EXPLAIN_ONLY_UNTIL_AUTHORITY_REVIEW
TU-GUIDE-0096,19,student_duties,duty,متابعة المواقع الرسمية,NORMATIVE_SUMMARY,EXTRACTED,NOT_SECOND_PASS_CHECKED,EXPLAIN_ONLY_UNTIL_AUTHORITY_REVIEW
TU-GUIDE-0097,19,student_duties,duty,معرفة التقويم,NORMATIVE_SUMMARY,EXTRACTED,NOT_SECOND_PASS_CHECKED,EXPLAIN_ONLY_UNTIL_AUTHORITY_REVIEW
TU-GUIDE-0098,19,student_duties,duty,التشاور مع المرشد,NORMATIVE_SUMMARY,EXTRACTED,NOT_SECOND_PASS_CHECKED,EXPLAIN_ONLY_UNTIL_AUTHORITY_REVIEW
TU-GUIDE-0099,19,student_duties,duty,تنفيذ التوصيات,NORMATIVE_SUMMARY,EXTRACTED,NOT_SECOND_PASS_CHECKED,EXPLAIN_ONLY_UNTIL_AUTHORITY_REVIEW
TU-GUIDE-0100,19,student_duties,duty,إبلاغ التغيرات,NORMATIVE_SUMMARY,EXTRACTED,NOT_SECOND_PASS_CHECKED,EXPLAIN_ONLY_UNTIL_AUTHORITY_REVIEW
TU-GUIDE-0101,19,student_duties,duty,تقديم المعلومات الصحيحة,NORMATIVE_SUMMARY,EXTRACTED,NOT_SECOND_PASS_CHECKED,EXPLAIN_ONLY_UNTIL_AUTHORITY_REVIEW
TU-GUIDE-0102,20,registration,workflow_step,استقبال المستجدين,PROCEDURAL_SUMMARY,EXTRACTED,NOT_SECOND_PASS_CHECKED,EXPLAIN_ONLY_UNTIL_AUTHORITY_REVIEW
TU-GUIDE-0103,20,registration,workflow_step,توزيع المستجدين,PROCEDURAL_SUMMARY,EXTRACTED,NOT_SECOND_PASS_CHECKED,EXPLAIN_ONLY_UNTIL_AUTHORITY_REVIEW
TU-GUIDE-0104,20,registration,workflow_step,توزيع المتخصصين,PROCEDURAL_SUMMARY,EXTRACTED,NOT_SECOND_PASS_CHECKED,EXPLAIN_ONLY_UNTIL_AUTHORITY_REVIEW
TU-GUIDE-0105,20,registration,workflow_step,إنشاء ملف إرشادي,PROCEDURAL_SUMMARY,EXTRACTED,NOT_SECOND_PASS_CHECKED,EXPLAIN_ONLY_UNTIL_AUTHORITY_REVIEW
TU-GUIDE-0106,20,registration,workflow_step,محتويات الملف - بيانات الطالب,PROCEDURAL_SUMMARY,EXTRACTED,NOT_SECOND_PASS_CHECKED,EXPLAIN_ONLY_UNTIL_AUTHORITY_REVIEW
TU-GUIDE-0107,20,registration,workflow_step,محتويات الملف - الخطة,PROCEDURAL_SUMMARY,EXTRACTED,NOT_SECOND_PASS_CHECKED,EXPLAIN_ONLY_UNTIL_AUTHORITY_REVIEW
TU-GUIDE-0108,20,registration,workflow_step,محتويات الملف - مقررات التخرج,PROCEDURAL_SUMMARY,EXTRACTED,NOT_SECOND_PASS_CHECKED,EXPLAIN_ONLY_UNTIL_AUTHORITY_REVIEW
TU-GUIDE-0109,20,registration,workflow_step,محتويات الملف - استمارات التسجيل,PROCEDURAL_SUMMARY,EXTRACTED,NOT_SECOND_PASS_CHECKED,EXPLAIN_ONLY_UNTIL_AUTHORITY_REVIEW
TU-GUIDE-0110,20,registration,workflow_step,محتويات الملف - السجل والوثائق,PROCEDURAL_SUMMARY,EXTRACTED,NOT_SECOND_PASS_CHECKED,EXPLAIN_ONLY_UNTIL_AUTHORITY_REVIEW
TU-GUIDE-0111,20,registration,workflow_step,التسجيل المبكر,PROCEDURAL_SUMMARY,EXTRACTED,NOT_SECOND_PASS_CHECKED,EXPLAIN_ONLY_UNTIL_AUTHORITY_REVIEW
TU-GUIDE-0112,20,registration,workflow_step,دراسة حالة الطالب,PROCEDURAL_SUMMARY,EXTRACTED,NOT_SECOND_PASS_CHECKED,EXPLAIN_ONLY_UNTIL_AUTHORITY_REVIEW
TU-GUIDE-0113,20,registration,workflow_step,إجراءات التخصيص,PROCEDURAL_SUMMARY,EXTRACTED,NOT_SECOND_PASS_CHECKED,EXPLAIN_ONLY_UNTIL_AUTHORITY_REVIEW
TU-GUIDE-0114,20,registration,workflow_step,تسجيل المرشد,PROCEDURAL_SUMMARY,EXTRACTED,NOT_SECOND_PASS_CHECKED,EXPLAIN_ONLY_UNTIL_AUTHORITY_REVIEW
TU-GUIDE-0115,20,registration,workflow_step,التحقق من المكان والزمان,PROCEDURAL_SUMMARY,EXTRACTED,NOT_SECOND_PASS_CHECKED,EXPLAIN_ONLY_UNTIL_AUTHORITY_REVIEW
TU-GUIDE-0116,20,registration,workflow_step,إغلاق التعديلات,PROCEDURAL_SUMMARY,EXTRACTED,NOT_SECOND_PASS_CHECKED,EXPLAIN_ONLY_UNTIL_AUTHORITY_REVIEW
TU-GUIDE-0117,21,registration,rule,نهائية اختيارات التسجيل,NORMATIVE_SUMMARY,EXTRACTED,NOT_SECOND_PASS_CHECKED,EXPLAIN_ONLY_UNTIL_AUTHORITY_REVIEW
TU-GUIDE-0118,21,registration,rule,صلاحية التسجيل بالتجاوز,NORMATIVE_SUMMARY,EXTRACTED,NOT_SECOND_PASS_CHECKED,EXPLAIN_ONLY_UNTIL_AUTHORITY_REVIEW
TU-GUIDE-0119,21,registration,rule,صلاحية تغيير التخصص,NORMATIVE_SUMMARY,EXTRACTED,NOT_SECOND_PASS_CHECKED,EXPLAIN_ONLY_UNTIL_AUTHORITY_REVIEW
TU-GUIDE-0120,21,electronic_advising,programme,نظام الإرشاد الإلكتروني,DESCRIPTIVE,EXTRACTED,NOT_SECOND_PASS_CHECKED,KNOWLEDGE_RESPONSE_AFTER_SOURCE_VERIFICATION
TU-GUIDE-0121,21,disability_support,programme_component,برنامج توعوي فصلي,DESCRIPTIVE,EXTRACTED,NOT_SECOND_PASS_CHECKED,KNOWLEDGE_RESPONSE_AFTER_SOURCE_VERIFICATION
TU-GUIDE-0122,21,disability_support,programme_component,خدمات استشارية مستمرة,DESCRIPTIVE,EXTRACTED,NOT_SECOND_PASS_CHECKED,KNOWLEDGE_RESPONSE_AFTER_SOURCE_VERIFICATION
TU-GUIDE-0123,21,disability_support,programme_component,تدريب منسوبي الجامعة,DESCRIPTIVE,EXTRACTED,NOT_SECOND_PASS_CHECKED,KNOWLEDGE_RESPONSE_AFTER_SOURCE_VERIFICATION
TU-GUIDE-0124,21,disability_support,programme_component,إرشاد المسارات الحركية,DESCRIPTIVE,EXTRACTED,NOT_SECOND_PASS_CHECKED,KNOWLEDGE_RESPONSE_AFTER_SOURCE_VERIFICATION
TU-GUIDE-0125,21,disability_support,programme_component,هدف البرنامج,DESCRIPTIVE,EXTRACTED,NOT_SECOND_PASS_CHECKED,KNOWLEDGE_RESPONSE_AFTER_SOURCE_VERIFICATION
TU-GUIDE-0126,23,study_system,principle,المسؤولية الجامعية,ADVISORY,EXTRACTED,AI_CHECKED_AGAINST_RENDERED_PAGE,KNOWLEDGE_RESPONSE_AFTER_SOURCE_VERIFICATION
TU-GUIDE-0127,23,study_system,rule,تقسيم العام الدراسي,NORMATIVE_SUMMARY,EXTRACTED,AI_CHECKED_AGAINST_RENDERED_PAGE,EXPLAIN_ONLY_UNTIL_AUTHORITY_REVIEW
TU-GUIDE-0128,23,credit_load,limit,عبء الفصل الرئيس,NORMATIVE_SUMMARY,EXTRACTED,AI_CHECKED_AGAINST_RENDERED_PAGE,EXPLAIN_ONLY_UNTIL_AUTHORITY_REVIEW
TU-GUIDE-0129,23,credit_load,limit,عبء السنة الكاملة,NORMATIVE_SUMMARY,EXTRACTED,AI_CHECKED_AGAINST_RENDERED_PAGE,EXPLAIN_ONLY_UNTIL_AUTHORITY_REVIEW
TU-GUIDE-0130,23,credit_load,limit,عبء الفصل الصيفي,NORMATIVE_SUMMARY,EXTRACTED,AI_CHECKED_AGAINST_RENDERED_PAGE,EXPLAIN_ONLY_UNTIL_AUTHORITY_REVIEW
TU-GUIDE-0131,23,grades,rule,التقدير غير المكتمل,NORMATIVE_SUMMARY,EXTRACTED,AI_CHECKED_AGAINST_RENDERED_PAGE,EXPLAIN_ONLY_UNTIL_AUTHORITY_REVIEW
TU-GUIDE-0132,23,graduation_expected,rule,طلب تسجيل المتوقع تخرجه,NORMATIVE_SUMMARY,EXTRACTED,AI_CHECKED_SOURCE_TENSION_PRESERVED,EXPLAIN_ONLY_UNTIL_AUTHORITY_REVIEW
TU-GUIDE-0133,24,academic_statuses,rule,تقديم الاعتذار,NORMATIVE_SUMMARY,EXTRACTED,AI_CHECKED_AGAINST_RENDERED_PAGE,EXPLAIN_ONLY_UNTIL_AUTHORITY_REVIEW
TU-GUIDE-0134,24,academic_statuses,rule,احتساب مدة الاعتذار,NORMATIVE_SUMMARY,EXTRACTED,AI_CHECKED_AGAINST_RENDERED_PAGE,EXPLAIN_ONLY_UNTIL_AUTHORITY_REVIEW
TU-GUIDE-0135,24,academic_statuses,rule,رمز الاعتذار,NORMATIVE_SUMMARY,EXTRACTED,AI_CHECKED_AGAINST_RENDERED_PAGE,EXPLAIN_ONLY_UNTIL_AUTHORITY_REVIEW
TU-GUIDE-0136,24,academic_statuses,rule,مكافأة المعتذر,NORMATIVE_SUMMARY,EXTRACTED,AI_CHECKED_AGAINST_RENDERED_PAGE,EXPLAIN_ONLY_UNTIL_AUTHORITY_REVIEW
TU-GUIDE-0137,24,academic_statuses,rule,تقديم التأجيل,NORMATIVE_SUMMARY,EXTRACTED,AI_CHECKED_AGAINST_RENDERED_PAGE,EXPLAIN_ONLY_UNTIL_AUTHORITY_REVIEW
TU-GUIDE-0138,24,academic_statuses,rule,احتساب مدة التأجيل,NORMATIVE_SUMMARY,EXTRACTED,AI_CHECKED_AGAINST_RENDERED_PAGE,EXPLAIN_ONLY_UNTIL_AUTHORITY_REVIEW
TU-GUIDE-0139,24,academic_statuses,rule,حد التأجيل,NORMATIVE_SUMMARY,EXTRACTED,AI_CHECKED_AGAINST_RENDERED_PAGE,EXPLAIN_ONLY_UNTIL_AUTHORITY_REVIEW
TU-GUIDE-0140,24,academic_statuses,rule,مكافأة المؤجل,NORMATIVE_SUMMARY,EXTRACTED,AI_CHECKED_AGAINST_RENDERED_PAGE,EXPLAIN_ONLY_UNTIL_AUTHORITY_REVIEW
TU-GUIDE-0141,24,academic_statuses,rule,تقديم الانسحاب من مقرر,NORMATIVE_SUMMARY,EXTRACTED,AI_CHECKED_AGAINST_RENDERED_PAGE,EXPLAIN_ONLY_UNTIL_AUTHORITY_REVIEW
TU-GUIDE-0142,24,academic_statuses,rule,حد مرات الانسحاب,NORMATIVE_SUMMARY,EXTRACTED,AI_CHECKED_AGAINST_RENDERED_PAGE,EXPLAIN_ONLY_UNTIL_AUTHORITY_REVIEW
TU-GUIDE-0143,24,academic_statuses,rule,الحد الأدنى بعد الانسحاب,NORMATIVE_SUMMARY,EXTRACTED,AI_CHECKED_AGAINST_RENDERED_PAGE,EXPLAIN_ONLY_UNTIL_AUTHORITY_REVIEW
TU-GUIDE-0144,24,academic_statuses,rule,الحرمان يمنع الانسحاب,NORMATIVE_SUMMARY,EXTRACTED,AI_CHECKED_AGAINST_RENDERED_PAGE,EXPLAIN_ONLY_UNTIL_AUTHORITY_REVIEW
TU-GUIDE-0145,24,academic_statuses,rule,منع انسحاب المستجد,NORMATIVE_SUMMARY,EXTRACTED,AI_CHECKED_AGAINST_RENDERED_PAGE,EXPLAIN_ONLY_UNTIL_AUTHORITY_REVIEW
TU-GUIDE-0146,25,withdrawal_and_dismissal,rule,الانسحاب النهائي - البطاقة,NORMATIVE_SUMMARY,EXTRACTED,AI_CHECKED_AGAINST_RENDERED_PAGE,EXPLAIN_ONLY_UNTIL_AUTHORITY_REVIEW
TU-GUIDE-0147,25,withdrawal_and_dismissal,rule,الانسحاب النهائي - إخلاء الطرف,NORMATIVE_SUMMARY,EXTRACTED,AI_CHECKED_AGAINST_RENDERED_PAGE,EXPLAIN_ONLY_UNTIL_AUTHORITY_REVIEW
TU-GUIDE-0148,25,withdrawal_and_dismissal,rule,الفصل بسبب الإنذارات,NORMATIVE_SUMMARY,EXTRACTED,AI_CHECKED_AGAINST_RENDERED_PAGE,EXPLAIN_ONLY_UNTIL_AUTHORITY_REVIEW
TU-GUIDE-0149,25,withdrawal_and_dismissal,rule,الفصل بسبب تجاوز المدة,NORMATIVE_SUMMARY,EXTRACTED,AI_CHECKED_AGAINST_RENDERED_PAGE,EXPLAIN_ONLY_UNTIL_AUTHORITY_REVIEW
TU-GUIDE-0150,26,external_transfer,condition,مؤسسة سابقة مرخصة,NORMATIVE_SUMMARY,EXTRACTED,AI_CHECKED_AGAINST_RENDERED_PAGE,EXPLAIN_ONLY_UNTIL_AUTHORITY_REVIEW
TU-GUIDE-0151,26,external_transfer,condition,عدم الفصل التأديبي,NORMATIVE_SUMMARY,EXTRACTED,AI_CHECKED_AGAINST_RENDERED_PAGE,EXPLAIN_ONLY_UNTIL_AUTHORITY_REVIEW
TU-GUIDE-0152,26,external_transfer,condition,شروط الكلية المحول إليها,NORMATIVE_SUMMARY,EXTRACTED,AI_CHECKED_AGAINST_RENDERED_PAGE,EXPLAIN_ONLY_UNTIL_AUTHORITY_REVIEW
TU-GUIDE-0153,26,external_transfer,condition,موعد استكمال التحويل الخارجي,NORMATIVE_SUMMARY,EXTRACTED,AI_CHECKED_AGAINST_RENDERED_PAGE,EXPLAIN_ONLY_UNTIL_AUTHORITY_REVIEW
TU-GUIDE-0154,26,external_transfer,condition,الحد الأدنى للدراسة السابقة,NORMATIVE_SUMMARY,EXTRACTED,AI_CHECKED_AGAINST_RENDERED_PAGE,EXPLAIN_ONLY_UNTIL_AUTHORITY_REVIEW
TU-GUIDE-0155,26,external_transfer,condition,الإقامة في الكلية الجديدة,NORMATIVE_SUMMARY,EXTRACTED,AI_CHECKED_AGAINST_RENDERED_PAGE,EXPLAIN_ONLY_UNTIL_AUTHORITY_REVIEW
TU-GUIDE-0156,26,external_transfer,condition,عدم رفع الدرجة العلمية,NORMATIVE_SUMMARY,EXTRACTED,AI_CHECKED_AGAINST_RENDERED_PAGE,EXPLAIN_ONLY_UNTIL_AUTHORITY_REVIEW
TU-GUIDE-0157,26,external_transfer,condition,تقديم الطلب الخارجي,NORMATIVE_SUMMARY,EXTRACTED,AI_CHECKED_AGAINST_RENDERED_PAGE,EXPLAIN_ONLY_UNTIL_AUTHORITY_REVIEW
TU-GUIDE-0158,26,internal_transfer,condition,شروط الكلية الجديدة,NORMATIVE_SUMMARY,EXTRACTED,AI_CHECKED_AGAINST_RENDERED_PAGE,EXPLAIN_ONLY_UNTIL_AUTHORITY_REVIEW
TU-GUIDE-0159,26,internal_transfer,condition,الحد الأدنى قبل التحويل الداخلي,NORMATIVE_SUMMARY,EXTRACTED,AI_CHECKED_AGAINST_RENDERED_PAGE,EXPLAIN_ONLY_UNTIL_AUTHORITY_REVIEW
TU-GUIDE-0160,26,internal_transfer,condition,حد المقررات المنجزة,NORMATIVE_SUMMARY,EXTRACTED,AI_CHECKED_AGAINST_RENDERED_PAGE,EXPLAIN_ONLY_UNTIL_AUTHORITY_REVIEW
TU-GUIDE-0161,26,internal_transfer,condition,عدم رفع الدرجة,NORMATIVE_SUMMARY,EXTRACTED,AI_CHECKED_AGAINST_RENDERED_PAGE,EXPLAIN_ONLY_UNTIL_AUTHORITY_REVIEW
TU-GUIDE-0162,26,internal_transfer,condition,مرة واحدة,NORMATIVE_SUMMARY,EXTRACTED,AI_CHECKED_AGAINST_RENDERED_PAGE,EXPLAIN_ONLY_UNTIL_AUTHORITY_REVIEW
TU-GUIDE-0163,26,internal_transfer,condition,المحول خارجياً لا يحول داخلياً,NORMATIVE_SUMMARY,EXTRACTED,AI_CHECKED_AGAINST_RENDERED_PAGE,EXPLAIN_ONLY_UNTIL_AUTHORITY_REVIEW
TU-GUIDE-0164,26,internal_transfer,condition,تغيير المقر لا يعد تحويلاً,NORMATIVE_SUMMARY,EXTRACTED,AI_CHECKED_AGAINST_RENDERED_PAGE,EXPLAIN_ONLY_UNTIL_AUTHORITY_REVIEW
TU-GUIDE-0165,26,internal_transfer,condition,موعد التحويل الداخلي,NORMATIVE_SUMMARY,EXTRACTED,AI_CHECKED_AGAINST_RENDERED_PAGE,EXPLAIN_ONLY_UNTIL_AUTHORITY_REVIEW
TU-GUIDE-0166,26,internal_transfer,condition,تقديم الطلب الداخلي,NORMATIVE_SUMMARY,EXTRACTED,AI_CHECKED_AGAINST_RENDERED_PAGE,EXPLAIN_ONLY_UNTIL_AUTHORITY_REVIEW
TU-GUIDE-0167,27,within_college_transfer,condition,شروط القسم أو التخصص الجديد,NORMATIVE_SUMMARY,EXTRACTED,AI_CHECKED_AGAINST_RENDERED_PAGE,EXPLAIN_ONLY_UNTIL_AUTHORITY_REVIEW
TU-GUIDE-0168,27,within_college_transfer,condition,الحد الأدنى داخل الكلية,NORMATIVE_SUMMARY,EXTRACTED,AI_CHECKED_AGAINST_RENDERED_PAGE,EXPLAIN_ONLY_UNTIL_AUTHORITY_REVIEW
TU-GUIDE-0169,27,within_college_transfer,condition,مرة واحدة داخل الكلية,NORMATIVE_SUMMARY,EXTRACTED,AI_CHECKED_AGAINST_RENDERED_PAGE,EXPLAIN_ONLY_UNTIL_AUTHORITY_REVIEW
TU-GUIDE-0170,27,within_college_transfer,condition,موانع التحويل داخل الكلية,NORMATIVE_SUMMARY,EXTRACTED,AI_CHECKED_AGAINST_RENDERED_PAGE,EXPLAIN_ONLY_UNTIL_AUTHORITY_REVIEW
TU-GUIDE-0171,27,within_college_transfer,condition,تقديم الطلب داخل الكلية,NORMATIVE_SUMMARY,EXTRACTED,AI_CHECKED_AGAINST_RENDERED_PAGE,EXPLAIN_ONLY_UNTIL_AUTHORITY_REVIEW
TU-GUIDE-0172,27,struggling_students,registration_rule,منع التعارض,NORMATIVE_SUMMARY,EXTRACTED,AI_CHECKED_AGAINST_RENDERED_PAGE,EXPLAIN_ONLY_UNTIL_AUTHORITY_REVIEW
TU-GUIDE-0173,27,struggling_students,registration_rule,استيفاء المتطلبات,NORMATIVE_SUMMARY,EXTRACTED,AI_CHECKED_AGAINST_RENDERED_PAGE,EXPLAIN_ONLY_UNTIL_AUTHORITY_REVIEW
TU-GUIDE-0174,27,struggling_students,registration_rule,مقررات المستويات الأعلى,NORMATIVE_SUMMARY,EXTRACTED,AI_CHECKED_AGAINST_RENDERED_PAGE,EXPLAIN_ONLY_UNTIL_AUTHORITY_REVIEW
TU-GUIDE-0175,28,grading,overall_grade_range,التقدير العام ممتاز - مقياس 5,NORMATIVE_SUMMARY,EXTRACTED,AI_CHECKED_AGAINST_RENDERED_PAGE,EXPLAIN_ONLY_UNTIL_AUTHORITY_REVIEW
TU-GUIDE-0176,28,grading,overall_grade_range,التقدير العام جيد جداً - مقياس 5,NORMATIVE_SUMMARY,EXTRACTED,AI_CHECKED_AGAINST_RENDERED_PAGE,EXPLAIN_ONLY_UNTIL_AUTHORITY_REVIEW
TU-GUIDE-0177,28,grading,overall_grade_range,التقدير العام جيد - مقياس 5,NORMATIVE_SUMMARY,EXTRACTED,AI_CHECKED_AGAINST_RENDERED_PAGE,EXPLAIN_ONLY_UNTIL_AUTHORITY_REVIEW
TU-GUIDE-0178,28,grading,overall_grade_range,التقدير العام مقبول - مقياس 5,NORMATIVE_SUMMARY,EXTRACTED,AI_CHECKED_AGAINST_RENDERED_PAGE,EXPLAIN_ONLY_UNTIL_AUTHORITY_REVIEW
TU-GUIDE-0179,28,grading,overall_grade_range,التقدير العام ممتاز - مقياس 4,NORMATIVE_SUMMARY,EXTRACTED,AI_CHECKED_AGAINST_RENDERED_PAGE,EXPLAIN_ONLY_UNTIL_AUTHORITY_REVIEW
TU-GUIDE-0180,28,grading,overall_grade_range,التقدير العام جيد جداً - مقياس 4,NORMATIVE_SUMMARY,EXTRACTED,AI_CHECKED_AGAINST_RENDERED_PAGE,EXPLAIN_ONLY_UNTIL_AUTHORITY_REVIEW
TU-GUIDE-0181,28,grading,overall_grade_range,التقدير العام جيد - مقياس 4,NORMATIVE_SUMMARY,EXTRACTED,AI_CHECKED_AGAINST_RENDERED_PAGE,EXPLAIN_ONLY_UNTIL_AUTHORITY_REVIEW
TU-GUIDE-0182,28,grading,overall_grade_range,التقدير العام مقبول - مقياس 4,NORMATIVE_SUMMARY,EXTRACTED,AI_CHECKED_AGAINST_RENDERED_PAGE,EXPLAIN_ONLY_UNTIL_AUTHORITY_REVIEW
TU-GUIDE-0183,28,grading,course_grade_scale,أ+ - ممتاز مرتفع,NORMATIVE_SUMMARY,EXTRACTED,AI_CHECKED_WITH_CORRECTION,EXPLAIN_ONLY_UNTIL_AUTHORITY_REVIEW
TU-GUIDE-0184,28,grading,course_grade_scale,أ - ممتاز,NORMATIVE_SUMMARY,EXTRACTED,AI_CHECKED_AGAINST_RENDERED_PAGE,EXPLAIN_ONLY_UNTIL_AUTHORITY_REVIEW
TU-GUIDE-0185,28,grading,course_grade_scale,ب+ - جيد جداً مرتفع,NORMATIVE_SUMMARY,EXTRACTED,AI_CHECKED_AGAINST_RENDERED_PAGE,EXPLAIN_ONLY_UNTIL_AUTHORITY_REVIEW
TU-GUIDE-0186,28,grading,course_grade_scale,ب - جيد جداً,NORMATIVE_SUMMARY,EXTRACTED,AI_CHECKED_AGAINST_RENDERED_PAGE,EXPLAIN_ONLY_UNTIL_AUTHORITY_REVIEW
TU-GUIDE-0187,28,grading,course_grade_scale,ج+ - جيد مرتفع,NORMATIVE_SUMMARY,EXTRACTED,AI_CHECKED_AGAINST_RENDERED_PAGE,EXPLAIN_ONLY_UNTIL_AUTHORITY_REVIEW
TU-GUIDE-0188,28,grading,course_grade_scale,ج - جيد,NORMATIVE_SUMMARY,EXTRACTED,AI_CHECKED_AGAINST_RENDERED_PAGE,EXPLAIN_ONLY_UNTIL_AUTHORITY_REVIEW
TU-GUIDE-0189,28,grading,course_grade_scale,د+ - مقبول مرتفع,NORMATIVE_SUMMARY,EXTRACTED,AI_CHECKED_AGAINST_RENDERED_PAGE,EXPLAIN_ONLY_UNTIL_AUTHORITY_REVIEW
TU-GUIDE-0190,28,grading,course_grade_scale,د - مقبول,NORMATIVE_SUMMARY,EXTRACTED,AI_CHECKED_AGAINST_RENDERED_PAGE,EXPLAIN_ONLY_UNTIL_AUTHORITY_REVIEW
TU-GUIDE-0191,28,grading,course_grade_scale,هـ - راسب,NORMATIVE_SUMMARY,EXTRACTED,AI_CHECKED_WITH_CORRECTION,EXPLAIN_ONLY_UNTIL_AUTHORITY_REVIEW
TU-GUIDE-0192,29,academic_transcript,definition,محتوى السجل الأكاديمي,DESCRIPTIVE,EXTRACTED,AI_CHECKED_AGAINST_RENDERED_PAGE,KNOWLEDGE_RESPONSE_AFTER_SOURCE_VERIFICATION
TU-GUIDE-0193,29,grading,special_grade_code,م/IP - مستمر,NORMATIVE_SUMMARY,EXTRACTED,AI_CHECKED_AGAINST_RENDERED_PAGE,EXPLAIN_ONLY_UNTIL_AUTHORITY_REVIEW
TU-GUIDE-0194,29,grading,special_grade_code,ل/IC - غير مكتمل,NORMATIVE_SUMMARY,EXTRACTED,AI_CHECKED_AGAINST_RENDERED_PAGE,EXPLAIN_ONLY_UNTIL_AUTHORITY_REVIEW
TU-GUIDE-0195,29,grading,special_grade_code,ح/DN - محروم,NORMATIVE_SUMMARY,EXTRACTED,AI_CHECKED_AGAINST_RENDERED_PAGE,EXPLAIN_ONLY_UNTIL_AUTHORITY_REVIEW
TU-GUIDE-0196,29,grading,special_grade_code,ند/NP - ناجح دون درجة,NORMATIVE_SUMMARY,EXTRACTED,AI_CHECKED_AGAINST_RENDERED_PAGE,EXPLAIN_ONLY_UNTIL_AUTHORITY_REVIEW
TU-GUIDE-0197,29,grading,special_grade_code,هد/NF - راسب دون درجة,NORMATIVE_SUMMARY,EXTRACTED,AI_CHECKED_AGAINST_RENDERED_PAGE,EXPLAIN_ONLY_UNTIL_AUTHORITY_REVIEW
TU-GUIDE-0198,29,grading,special_grade_code,ع/W - منسحب بعذر,NORMATIVE_SUMMARY,EXTRACTED,AI_CHECKED_AGAINST_RENDERED_PAGE,EXPLAIN_ONLY_UNTIL_AUTHORITY_REVIEW
TU-GUIDE-0199,29,grading,special_grade_code,عف/E - معفي,NORMATIVE_SUMMARY,EXTRACTED,AI_CHECKED_AGAINST_RENDERED_PAGE,EXPLAIN_ONLY_UNTIL_AUTHORITY_REVIEW
TU-GUIDE-0200,30,gpa,formula,معادلة المعدل الفصلي,NORMATIVE_SUMMARY,EXTRACTED,AI_CHECKED_AGAINST_RENDERED_PAGE,EXPLAIN_ONLY_UNTIL_AUTHORITY_REVIEW
TU-GUIDE-0201,30,gpa,formula,معادلة المعدل التراكمي,NORMATIVE_SUMMARY,EXTRACTED,AI_CHECKED_AGAINST_RENDERED_PAGE,EXPLAIN_ONLY_UNTIL_AUTHORITY_REVIEW
TU-GUIDE-0202,30,gpa,calculation_step,خطوة حساب المعدل 1,PROCEDURAL_SUMMARY,EXTRACTED,AI_CHECKED_AGAINST_RENDERED_PAGE,EXPLAIN_ONLY_UNTIL_AUTHORITY_REVIEW
TU-GUIDE-0203,30,gpa,calculation_step,خطوة حساب المعدل 2,PROCEDURAL_SUMMARY,EXTRACTED,AI_CHECKED_AGAINST_RENDERED_PAGE,EXPLAIN_ONLY_UNTIL_AUTHORITY_REVIEW
TU-GUIDE-0204,30,gpa,calculation_step,خطوة حساب المعدل 3,PROCEDURAL_SUMMARY,EXTRACTED,AI_CHECKED_AGAINST_RENDERED_PAGE,EXPLAIN_ONLY_UNTIL_AUTHORITY_REVIEW
TU-GUIDE-0205,30,gpa,calculation_step,خطوة حساب المعدل 4,PROCEDURAL_SUMMARY,EXTRACTED,AI_CHECKED_AGAINST_RENDERED_PAGE,EXPLAIN_ONLY_UNTIL_AUTHORITY_REVIEW
TU-GUIDE-0206,30,gpa,calculation_step,خطوة حساب المعدل 5,PROCEDURAL_SUMMARY,EXTRACTED,AI_CHECKED_AGAINST_RENDERED_PAGE,EXPLAIN_ONLY_UNTIL_AUTHORITY_REVIEW
TU-GUIDE-0207,31,visiting_student,principle,تعريف الزيارة,NORMATIVE_SUMMARY,EXTRACTED,AI_CHECKED_AGAINST_RENDERED_PAGE,EXPLAIN_ONLY_UNTIL_AUTHORITY_REVIEW
TU-GUIDE-0208,31,visiting_student,condition,جهة معترف بها,NORMATIVE_SUMMARY,EXTRACTED,AI_CHECKED_AGAINST_RENDERED_PAGE,EXPLAIN_ONLY_UNTIL_AUTHORITY_REVIEW
TU-GUIDE-0209,31,visiting_student,condition,تكافؤ المقرر,NORMATIVE_SUMMARY,EXTRACTED,AI_CHECKED_AGAINST_RENDERED_PAGE,EXPLAIN_ONLY_UNTIL_AUTHORITY_REVIEW
TU-GUIDE-0210,31,visiting_student,condition,الأصل عدم احتساب المعدل,NORMATIVE_SUMMARY,EXTRACTED,AI_CHECKED_AGAINST_RENDERED_PAGE,EXPLAIN_ONLY_UNTIL_AUTHORITY_REVIEW
TU-GUIDE-0211,31,visiting_student,condition,مطابقة المفردات للاحتساب,NORMATIVE_SUMMARY,EXTRACTED,AI_CHECKED_AGAINST_RENDERED_PAGE,EXPLAIN_ONLY_UNTIL_AUTHORITY_REVIEW
TU-GUIDE-0212,31,visiting_student,condition,مطابقة لغة الدراسة,NORMATIVE_SUMMARY,EXTRACTED,AI_CHECKED_AGAINST_RENDERED_PAGE,EXPLAIN_ONLY_UNTIL_AUTHORITY_REVIEW
TU-GUIDE-0213,31,visiting_student,condition,الحد الأدنى للتقدير,NORMATIVE_SUMMARY,EXTRACTED,AI_CHECKED_AGAINST_RENDERED_PAGE,EXPLAIN_ONLY_UNTIL_AUTHORITY_REVIEW
TU-GUIDE-0214,31,visiting_student,condition,حد الزيارة خارج الجامعة,NORMATIVE_SUMMARY,EXTRACTED,AI_CHECKED_AGAINST_RENDERED_PAGE,EXPLAIN_ONLY_UNTIL_AUTHORITY_REVIEW
TU-GUIDE-0215,31,visiting_student,condition,حد الزيارة داخل الجامعة,NORMATIVE_SUMMARY,EXTRACTED,AI_CHECKED_AGAINST_RENDERED_PAGE,EXPLAIN_ONLY_UNTIL_AUTHORITY_REVIEW
TU-GUIDE-0216,31,visiting_student,condition,منع التحويل أثناء الزيارة,NORMATIVE_SUMMARY,EXTRACTED,AI_CHECKED_AGAINST_RENDERED_PAGE,EXPLAIN_ONLY_UNTIL_AUTHORITY_REVIEW
TU-GUIDE-0217,31,visiting_student,condition,حد مرات الزيارة,NORMATIVE_SUMMARY,EXTRACTED,AI_CHECKED_AGAINST_RENDERED_PAGE,EXPLAIN_ONLY_UNTIL_AUTHORITY_REVIEW
TU-GUIDE-0218,32,re_enrolment,rule,طي القيد بسبب الانقطاع,NORMATIVE_SUMMARY,EXTRACTED,AI_CHECKED_AGAINST_RENDERED_PAGE,EXPLAIN_ONLY_UNTIL_AUTHORITY_REVIEW
TU-GUIDE-0219,32,re_enrolment,rule,الزيارة ليست انقطاعاً,NORMATIVE_SUMMARY,EXTRACTED,AI_CHECKED_AGAINST_RENDERED_PAGE,EXPLAIN_ONLY_UNTIL_AUTHORITY_REVIEW
TU-GUIDE-0220,32,re_enrolment,rule,طلب إعادة القيد,NORMATIVE_SUMMARY,EXTRACTED,AI_CHECKED_AGAINST_RENDERED_PAGE,EXPLAIN_ONLY_UNTIL_AUTHORITY_REVIEW
TU-GUIDE-0221,32,re_enrolment,rule,مهلة إعادة القيد,NORMATIVE_SUMMARY,EXTRACTED,AI_CHECKED_AGAINST_RENDERED_PAGE,EXPLAIN_ONLY_UNTIL_AUTHORITY_REVIEW
TU-GUIDE-0222,32,re_enrolment,rule,استمرار البرنامج,NORMATIVE_SUMMARY,EXTRACTED,AI_CHECKED_AGAINST_RENDERED_PAGE,EXPLAIN_ONLY_UNTIL_AUTHORITY_REVIEW
TU-GUIDE-0223,32,re_enrolment,rule,إمكان التخرج في المدة,NORMATIVE_SUMMARY,EXTRACTED,AI_CHECKED_AGAINST_RENDERED_PAGE,EXPLAIN_ONLY_UNTIL_AUTHORITY_REVIEW
TU-GUIDE-0224,32,re_enrolment,rule,عدم الفصل الأكاديمي,NORMATIVE_SUMMARY,EXTRACTED,AI_CHECKED_AGAINST_RENDERED_PAGE,EXPLAIN_ONLY_UNTIL_AUTHORITY_REVIEW
TU-GUIDE-0225,32,re_enrolment,rule,عدد مرات إعادة القيد,NORMATIVE_SUMMARY,EXTRACTED,AI_CHECKED_AGAINST_RENDERED_PAGE,EXPLAIN_ONLY_UNTIL_AUTHORITY_REVIEW
TU-GUIDE-0226,32,re_enrolment,rule,تجاوز المهلة,NORMATIVE_SUMMARY,EXTRACTED,AI_CHECKED_AGAINST_RENDERED_PAGE,EXPLAIN_ONLY_UNTIL_AUTHORITY_REVIEW
TU-GUIDE-0227,32,re_enrolment,rule,الفصل التأديبي,NORMATIVE_SUMMARY,EXTRACTED,AI_CHECKED_WITH_CORRECTION,EXPLAIN_ONLY_UNTIL_AUTHORITY_REVIEW
TU-GUIDE-0228,33,re_enrolment_withdrawn,rule,إعادة قيد المنسحب بعذر,NORMATIVE_SUMMARY,EXTRACTED,AI_CHECKED_AGAINST_RENDERED_PAGE,EXPLAIN_ONLY_UNTIL_AUTHORITY_REVIEW
TU-GUIDE-0229,33,re_enrolment_withdrawn,rule,مهلة المنسحب,NORMATIVE_SUMMARY,EXTRACTED,AI_CHECKED_AGAINST_RENDERED_PAGE,EXPLAIN_ONLY_UNTIL_AUTHORITY_REVIEW
TU-GUIDE-0230,33,re_enrolment_withdrawn,rule,عودة المنسحب كمستجد,NORMATIVE_SUMMARY,EXTRACTED,AI_CHECKED_AGAINST_RENDERED_PAGE,EXPLAIN_ONLY_UNTIL_AUTHORITY_REVIEW
TU-GUIDE-0231,33,re_enrolment_withdrawn,rule,منع إعادة قيد المفصول تأديبياً,NORMATIVE_SUMMARY,EXTRACTED,AI_CHECKED_AGAINST_RENDERED_PAGE,EXPLAIN_ONLY_UNTIL_AUTHORITY_REVIEW
TU-GUIDE-0232,33,medical_excuses,rule,مصدر التقرير الطبي,NORMATIVE_SUMMARY,EXTRACTED,AI_CHECKED_AGAINST_RENDERED_PAGE,EXPLAIN_ONLY_UNTIL_AUTHORITY_REVIEW
TU-GUIDE-0233,33,medical_excuses,rule,تقارير خارج المملكة,NORMATIVE_SUMMARY,EXTRACTED,AI_CHECKED_AGAINST_RENDERED_PAGE,EXPLAIN_ONLY_UNTIL_AUTHORITY_REVIEW
TU-GUIDE-0234,33,medical_excuses,rule,مهلة تقديم العذر,NORMATIVE_SUMMARY,EXTRACTED,AI_CHECKED_AGAINST_RENDERED_PAGE,EXPLAIN_ONLY_UNTIL_AUTHORITY_REVIEW
TU-GUIDE-0235,33,medical_excuses,rule,اختبار دوري أو أعمال فصلية,NORMATIVE_SUMMARY,EXTRACTED,AI_CHECKED_WITH_CORRECTION,EXPLAIN_ONLY_UNTIL_AUTHORITY_REVIEW
TU-GUIDE-0236,33,medical_excuses,rule,اختبار نهائي,NORMATIVE_SUMMARY,EXTRACTED,AI_CHECKED_AGAINST_RENDERED_PAGE,EXPLAIN_ONLY_UNTIL_AUTHORITY_REVIEW
TU-GUIDE-0237,34,grade_appeal,limit,مهلة التظلم,NORMATIVE_SUMMARY,EXTRACTED,AI_CHECKED_AGAINST_RENDERED_PAGE,EXPLAIN_ONLY_UNTIL_AUTHORITY_REVIEW
TU-GUIDE-0238,34,grade_appeal,procedure_step,إفادة أستاذ المقرر,PROCEDURAL_SUMMARY,EXTRACTED,AI_CHECKED_AGAINST_RENDERED_PAGE,EXPLAIN_ONLY_UNTIL_AUTHORITY_REVIEW
TU-GUIDE-0239,34,grade_appeal,procedure_step,مراجعة عضو آخر,PROCEDURAL_SUMMARY,EXTRACTED,AI_CHECKED_AGAINST_RENDERED_PAGE,EXPLAIN_ONLY_UNTIL_AUTHORITY_REVIEW
TU-GUIDE-0240,34,grade_appeal,procedure_step,اللجنة الثلاثية,PROCEDURAL_SUMMARY,EXTRACTED,AI_CHECKED_AGAINST_RENDERED_PAGE,EXPLAIN_ONLY_UNTIL_AUTHORITY_REVIEW
TU-GUIDE-0241,34,grade_appeal,procedure_step,تسبيب التعديل,PROCEDURAL_SUMMARY,EXTRACTED,AI_CHECKED_AGAINST_RENDERED_PAGE,EXPLAIN_ONLY_UNTIL_AUTHORITY_REVIEW
TU-GUIDE-0242,34,grade_appeal,procedure_step,حفظ المستندات,PROCEDURAL_SUMMARY,EXTRACTED,AI_CHECKED_AGAINST_RENDERED_PAGE,EXPLAIN_ONLY_UNTIL_AUTHORITY_REVIEW
TU-GUIDE-0243,34,grade_appeal,procedure_step,التظلم غير الصحيح,PROCEDURAL_SUMMARY,EXTRACTED,AI_CHECKED_AGAINST_RENDERED_PAGE,EXPLAIN_ONLY_UNTIL_AUTHORITY_REVIEW
TU-GUIDE-0244,35,graduation,rule,إنهاء المتطلبات,NORMATIVE_SUMMARY,EXTRACTED,AI_CHECKED_AGAINST_RENDERED_PAGE,EXPLAIN_ONLY_UNTIL_AUTHORITY_REVIEW
TU-GUIDE-0245,35,graduation,rule,الحد الأدنى للمعدل,NORMATIVE_SUMMARY,EXTRACTED,AI_CHECKED_AGAINST_RENDERED_PAGE,EXPLAIN_ONLY_UNTIL_AUTHORITY_REVIEW
TU-GUIDE-0246,35,graduation,rule,منح الدرجة,NORMATIVE_SUMMARY,EXTRACTED,AI_CHECKED_AGAINST_RENDERED_PAGE,EXPLAIN_ONLY_UNTIL_AUTHORITY_REVIEW
TU-GUIDE-0247,35,graduation,rule,فصل التخرج,NORMATIVE_SUMMARY,EXTRACTED,AI_CHECKED_AGAINST_RENDERED_PAGE,EXPLAIN_ONLY_UNTIL_AUTHORITY_REVIEW
TU-GUIDE-0248,35,graduation,rule,صفة المتخرج,NORMATIVE_SUMMARY,EXTRACTED,AI_CHECKED_AGAINST_RENDERED_PAGE,EXPLAIN_ONLY_UNTIL_AUTHORITY_REVIEW
TU-GUIDE-0249,35,graduation,rule,إصدار الوثائق,NORMATIVE_SUMMARY,EXTRACTED,AI_CHECKED_AGAINST_RENDERED_PAGE,EXPLAIN_ONLY_UNTIL_AUTHORITY_REVIEW
TU-GUIDE-0250,35,graduation,rule,رفع المعدل للخريج,NORMATIVE_SUMMARY,EXTRACTED,AI_CHECKED_AGAINST_RENDERED_PAGE,EXPLAIN_ONLY_UNTIL_AUTHORITY_REVIEW
TU-GUIDE-0251,36,honours,rule,مرتبة الشرف الأولى - مقياس 5,NORMATIVE_SUMMARY,EXTRACTED,AI_CHECKED_AGAINST_RENDERED_PAGE,EXPLAIN_ONLY_UNTIL_AUTHORITY_REVIEW
TU-GUIDE-0252,36,honours,rule,مرتبة الشرف الثانية - مقياس 5,NORMATIVE_SUMMARY,EXTRACTED,AI_CHECKED_AGAINST_RENDERED_PAGE,EXPLAIN_ONLY_UNTIL_AUTHORITY_REVIEW
TU-GUIDE-0253,36,honours,rule,مرتبة الشرف الأولى - مقياس 4,NORMATIVE_SUMMARY,EXTRACTED,AI_CHECKED_AGAINST_RENDERED_PAGE,EXPLAIN_ONLY_UNTIL_AUTHORITY_REVIEW
TU-GUIDE-0254,36,honours,rule,مرتبة الشرف الثانية - مقياس 4,NORMATIVE_SUMMARY,EXTRACTED,AI_CHECKED_AGAINST_RENDERED_PAGE,EXPLAIN_ONLY_UNTIL_AUTHORITY_REVIEW
TU-GUIDE-0255,36,honours,rule,عدم الرسوب,NORMATIVE_SUMMARY,EXTRACTED,AI_CHECKED_AGAINST_RENDERED_PAGE,EXPLAIN_ONLY_UNTIL_AUTHORITY_REVIEW
TU-GUIDE-0256,36,honours,rule,مدة الإنجاز,NORMATIVE_SUMMARY,EXTRACTED,AI_CHECKED_AGAINST_RENDERED_PAGE,EXPLAIN_ONLY_UNTIL_AUTHORITY_REVIEW
TU-GUIDE-0257,36,honours,rule,نسبة الدراسة في جامعة التخرج,NORMATIVE_SUMMARY,EXTRACTED,AI_CHECKED_AGAINST_RENDERED_PAGE,EXPLAIN_ONLY_UNTIL_AUTHORITY_REVIEW
TU-GUIDE-0258,36,honours,rule,عدم القرار التأديبي,NORMATIVE_SUMMARY,EXTRACTED,AI_CHECKED_AGAINST_RENDERED_PAGE,EXPLAIN_ONLY_UNTIL_AUTHORITY_REVIEW
TU-GUIDE-0259,37,common_errors,warning,تجاوز الغياب,ADVISORY,EXTRACTED,AI_CHECKED_REQUIRES_HIGHER_AUTHORITY_CONFIRMATION,KNOWLEDGE_RESPONSE_AFTER_SOURCE_VERIFICATION
TU-GUIDE-0260,37,common_errors,warning,التسجيل الآلي لا يعفي من الحضور,ADVISORY,EXTRACTED,AI_CHECKED_AGAINST_RENDERED_PAGE,KNOWLEDGE_RESPONSE_AFTER_SOURCE_VERIFICATION
TU-GUIDE-0261,37,common_errors,warning,تأجيل مقررات المستويات الأولى,ADVISORY,EXTRACTED,AI_CHECKED_AGAINST_RENDERED_PAGE,KNOWLEDGE_RESPONSE_AFTER_SOURCE_VERIFICATION
TU-GUIDE-0262,37,common_errors,warning,تأخير تعديل الدرجة,ADVISORY,EXTRACTED,AI_CHECKED_AGAINST_RENDERED_PAGE,KNOWLEDGE_RESPONSE_AFTER_SOURCE_VERIFICATION
TU-GUIDE-0263,38,student_discipline,violation,تعطيل النظام أو النشاط,NORMATIVE_SUMMARY,EXTRACTED,AI_CHECKED_AGAINST_RENDERED_PAGE,EXPLAIN_ONLY_UNTIL_AUTHORITY_REVIEW
TU-GUIDE-0264,38,student_discipline,violation,الإخلال بالمحاضرات,NORMATIVE_SUMMARY,EXTRACTED,AI_CHECKED_AGAINST_RENDERED_PAGE,EXPLAIN_ONLY_UNTIL_AUTHORITY_REVIEW
TU-GUIDE-0265,38,student_discipline,violation,الغش,NORMATIVE_SUMMARY,EXTRACTED,AI_CHECKED_AGAINST_RENDERED_PAGE,EXPLAIN_ONLY_UNTIL_AUTHORITY_REVIEW
TU-GUIDE-0266,38,student_discipline,violation,المساس بالدين أو السلوك أو السمعة,NORMATIVE_SUMMARY,EXTRACTED,AI_CHECKED_AGAINST_RENDERED_PAGE,EXPLAIN_ONLY_UNTIL_AUTHORITY_REVIEW
TU-GUIDE-0267,38,student_discipline,violation,الاعتداء أو الإهانة,NORMATIVE_SUMMARY,EXTRACTED,AI_CHECKED_AGAINST_RENDERED_PAGE,EXPLAIN_ONLY_UNTIL_AUTHORITY_REVIEW
TU-GUIDE-0268,38,student_discipline,violation,التزوير أو المعلومات غير الصحيحة,NORMATIVE_SUMMARY,EXTRACTED,AI_CHECKED_AGAINST_RENDERED_PAGE,EXPLAIN_ONLY_UNTIL_AUTHORITY_REVIEW
TU-GUIDE-0269,38,student_discipline,violation,عدم الامتثال للعقوبة,NORMATIVE_SUMMARY,EXTRACTED,AI_CHECKED_AGAINST_RENDERED_PAGE,EXPLAIN_ONLY_UNTIL_AUTHORITY_REVIEW
TU-GUIDE-0270,38,student_discipline,sanction,عقوبات متدرجة,NORMATIVE_SUMMARY,EXTRACTED,AI_CHECKED_AGAINST_RENDERED_PAGE,EXPLAIN_ONLY_UNTIL_AUTHORITY_REVIEW
TU-GUIDE-0271,38,student_discipline,sanction,الغش لأول مرة,NORMATIVE_SUMMARY,EXTRACTED,AI_CHECKED_AGAINST_RENDERED_PAGE,EXPLAIN_ONLY_UNTIL_AUTHORITY_REVIEW
TU-GUIDE-0272,38,student_discipline,sanction,تكرار الغش,NORMATIVE_SUMMARY,EXTRACTED,AI_CHECKED_AGAINST_RENDERED_PAGE,EXPLAIN_ONLY_UNTIL_AUTHORITY_REVIEW
TU-GUIDE-0273,39,contacts,contact,موقع الجامعة,DESCRIPTIVE,EXTRACTED,AI_CHECKED_AGAINST_RENDERED_PAGE,KNOWLEDGE_RESPONSE_AFTER_SOURCE_VERIFICATION
TU-GUIDE-0274,39,contacts,contact,حساب العمادة,DESCRIPTIVE,EXTRACTED,AI_CHECKED_AGAINST_RENDERED_PAGE,KNOWLEDGE_RESPONSE_AFTER_SOURCE_VERIFICATION
TU-GUIDE-0275,39,contacts,contact,حساب X,DESCRIPTIVE,EXTRACTED,AI_CHECKED_AGAINST_RENDERED_PAGE,KNOWLEDGE_RESPONSE_AFTER_SOURCE_VERIFICATION
TU-GUIDE-0276,39,contacts,contact,الهاتف,DESCRIPTIVE,EXTRACTED,AI_CHECKED_AGAINST_RENDERED_PAGE,KNOWLEDGE_RESPONSE_AFTER_SOURCE_VERIFICATION
TU-GUIDE-0277,39,contacts,contact,البريد,DESCRIPTIVE,EXTRACTED,AI_CHECKED_AGAINST_RENDERED_PAGE,KNOWLEDGE_RESPONSE_AFTER_SOURCE_VERIFICATION
