student_id,academic_year,term,course_code,course_number,section
4502639,1447,2,GS,103,M39
4400182,1447,2,CYB,348,M5
4400182,1447,2,CYB,350,M8
4400182,1447,2,CYB,365,M7
4400182,1447,2,CYB,381,M7
4400182,1447,2,GS,103,M39
4400240,1447,2,CS,289,M12
4400240,1447,2,CYB,270,M10
4400240,1447,2,CYB,365,M7
4400240,1447,2,ENGL,214,M39
4400240,1447,2,GS,112,M12
4400237,1447,2,CS,112,M38
4400237,1447,2,CS,289,M11
4400237,1447,2,CS,372,M21
4400237,1447,2,CYB,270,M7
4400237,1447,2,MATH,204,M6
4400255,1447,2,CS,289,M12
4400255,1447,2,CYB,270,M7
4400255,1447,2,CYB,365,M7
4400255,1447,2,ENGL,214,M39
4400255,1447,2,GS,112,M12
4400255,1447,2,MATH,204,M6
4400307,1447,2,CYB,348,M4
4400307,1447,2,CYB,350,M7
4400307,1447,2,CYB,365,M6
4400307,1447,2,CYB,381,M6
4400307,1447,2,GS,103,M39
4400267,1447,2,CYB,348,M5
4400267,1447,2,CYB,350,M8
4400267,1447,2,CYB,365,M7
4400267,1447,2,CYB,381,M7
4400267,1447,2,GS,103,M5
4400267,1447,2,GS,104,M9
4400494,1447,2,CYB,348,M4
4400494,1447,2,CYB,350,M7
4400494,1447,2,CYB,365,M6
4400494,1447,2,CYB,381,M6
4400494,1447,2,GS,103,M39
4400537,1447,2,CS,289,M12
4400537,1447,2,CYB,348,M4
4400537,1447,2,CYB,365,M7
4400537,1447,2,GS,103,M39
4400537,1447,2,MATH,204,M6
4400572,1447,2,CYB,348,M5
4400572,1447,2,CYB,350,M8
4400572,1447,2,CYB,365,M7
4400572,1447,2,CYB,381,M7
4400572,1447,2,GS,103,M5
4400572,1447,2,GS,112,M10
4400572,1447,2,IS,482,M3
4400572,1447,2,MATH,204,M6
4400669,1447,2,CYB,270,M10
4400669,1447,2,ENGL,214,M39
4400669,1447,2,GS,103,M5
4400669,1447,2,MATH,204,M9
4400669,1447,2,MATH,243,M4
4400671,1447,2,CYB,348,M4
4400671,1447,2,CYB,350,M7
4400671,1447,2,CYB,365,M6
4400671,1447,2,CYB,381,M6
4400671,1447,2,GS,103,M39
4400777,1447,2,CYB,348,M5
4400777,1447,2,CYB,350,M8
4400777,1447,2,CYB,365,M7
4400777,1447,2,CYB,381,M7
4400777,1447,2,GS,112,M10
4400905,1447,2,CYB,348,M4
4400905,1447,2,CYB,350,M7
4400905,1447,2,CYB,365,M6
4400905,1447,2,CYB,381,M6
4400905,1447,2,GS,103,M39
4401013,1447,2,CS,289,M12
4401013,1447,2,CYB,348,M4
4401013,1447,2,CYB,365,M7
4401013,1447,2,ENGL,214,M39
4401013,1447,2,MATH,204,M6
4401018,1447,2,CS,289,M12
4401018,1447,2,CS,372,M22
4401018,1447,2,CYB,281,M3
4401018,1447,2,ENGL,214,M39
4403545,1447,2,GS,103,M5
4403575,1447,2,GS,303,M10
4403610,1447,2,GS,103,M5
4403737,1447,2,CS,372,M2
4403737,1447,2,MATH,204,M8
4403820,1447,2,GS,103,M5
4404041,1447,2,GS,103,M5
4404223,1447,2,MATH,204,M12
4404577,1447,2,MATH,101,M6
4404577,1447,2,MATH,243,M1
4404594,1447,2,GS,103,M5
4404611,1447,2,GS,103,M5
4404824,1447,2,CS,372,M2
4404824,1447,2,GS,103,M5
4404893,1447,2,GS,103,M5
4405019,1447,2,GS,103,M5
4405080,1447,2,GS,134,M6
4405047,1447,2,MATH,204,M12
4405271,1447,2,EDPA,315,M1
4405316,1447,2,GS,103,M39
4405316,1447,2,GS,134,M6
4405381,1447,2,GS,103,M5
4405382,1447,2,MATH,203,M1
4405382,1447,2,MATH,243,M2
4405517,1447,2,GS,103,M5
4405840,1447,2,EDIS,413,M1
4405840,1447,2,GS,134,M6
4405993,1447,2,GS,103,M5
4406107,1447,2,ENGL,214,M3
4406183,1447,2,GS,103,M5
4406223,1447,2,GS,103,M5
4420126,1447,2,EDPA,315,M1
4420658,1447,2,GS,103,M5
4500771,1447,2,GS,103,M5
4500856,1447,2,GS,103,M4
4500856,1447,2,MATH,204,M6
4500860,1447,2,GS,134,M6
4501111,1447,2,GS,103,M39
4501111,1447,2,GS,303,M11
4501646,1447,2,CS,211,M3
4501646,1447,2,GS,103,M5
4501709,1447,2,MATH,204,M6
4501872,1447,2,MATH,203,M1
4502156,1447,2,GS,103,M39
4502175,1447,2,GS,103,M39
4502175,1447,2,GS,303,M11
4502416,1447,2,GS,103,M39
4502416,1447,2,GS,303,M11
4502688,1447,2,MATH,204,M6
4502806,1447,2,GS,103,M39
4502806,1447,2,GS,303,M11
4503032,1447,2,GS,103,M39
4503032,1447,2,GS,303,M11
4503201,1447,2,GS,103,M39
4503405,1447,2,ENGL,214,M3
4502639,1447,2,GS,103,M39
4403545,1447,2,AI,342,M6
4403545,1447,2,AI,352,M6
4403545,1447,2,AI,371,M6
4403545,1447,2,COE,332,M16
4403545,1447,2,GS,103,M5
4403569,1447,2,AI,342,M10
4403569,1447,2,AI,352,M10
4403569,1447,2,AI,371,M6
4403569,1447,2,COE,332,M17
4403569,1447,2,GS,103,M7
4403575,1447,2,AI,342,M10
4403575,1447,2,AI,352,M10
4403575,1447,2,AI,371,M6
4403575,1447,2,COE,332,M17
4403575,1447,2,GS,103,M7
4403575,1447,2,GS,303,M10
4403610,1447,2,AI,342,M6
4403610,1447,2,AI,352,M6
4403610,1447,2,AI,371,M6
4403610,1447,2,COE,332,M16
4403610,1447,2,GS,103,M5
4403737,1447,2,AI,342,M6
4403737,1447,2,CS,289,M10
4403737,1447,2,CS,372,M2
4403737,1447,2,GS,103,M7
4403737,1447,2,MATH,204,M8
4403820,1447,2,AI,342,M6
4403820,1447,2,AI,352,M6
4403820,1447,2,AI,371,M6
4403820,1447,2,COE,332,M16
4403820,1447,2,GS,103,M5
4403967,1447,2,AI,201,M7
4403967,1447,2,CS,289,M16
4403967,1447,2,ENGL,214,M25
4403967,1447,2,MATH,204,M16
4403967,1447,2,MATH,243,M16
4404041,1447,2,AI,342,M6
4404041,1447,2,AI,352,M6
4404041,1447,2,AI,371,M6
4404041,1447,2,COE,332,M16
4404041,1447,2,GS,103,M5
4404060,1447,2,AI,201,M7
4404060,1447,2,EDCT,416,M16
4404060,1447,2,ENGL,214,M26
4404060,1447,2,MATH,204,M17
4404060,1447,2,MATH,243,M17
4404223,1447,2,COE,332,M17
4404223,1447,2,GS,103,M7
4404223,1447,2,MATH,204,M12
4404223,1447,2,MATH,243,M16
4404577,1447,2,AI,201,M7
4404577,1447,2,ENGL,214,M25
4404577,1447,2,MATH,101,M6
4404577,1447,2,MATH,243,M1
4404594,1447,2,AI,342,M6
4404594,1447,2,AI,352,M6
4404594,1447,2,AI,371,M6
4404594,1447,2,COE,332,M16
4404594,1447,2,GS,103,M5
4404611,1447,2,AI,342,M6
4404611,1447,2,AI,352,M6
4404611,1447,2,AI,371,M6
4404611,1447,2,COE,332,M16
4404611,1447,2,GS,103,M5
4404786,1447,2,AI,342,M6
4404786,1447,2,MATH,204,M17
4404703,1447,2,AI,212,M5
4404703,1447,2,AI,342,M6
4404703,1447,2,AI,352,M6
4404703,1447,2,CS,289,M16
4404703,1447,2,GS,103,M7
4404824,1447,2,CS,289,M16
4404824,1447,2,CS,372,M2
4404824,1447,2,ENGL,214,M26
4404824,1447,2,GS,103,M5
4404824,1447,2,MATH,243,M17
4404893,1447,2,AI,342,M6
4404893,1447,2,AI,352,M6
4404893,1447,2,AI,371,M6
4404893,1447,2,COE,332,M16
4404893,1447,2,GS,103,M5
4405019,1447,2,AI,201,M6
4405019,1447,2,AI,342,M6
4405019,1447,2,CS,289,M16
4405019,1447,2,ENGL,214,M26
4405019,1447,2,GS,103,M5
4405019,1447,2,MATH,204,M17
4405047,1447,2,AI,342,M10
4405047,1447,2,COE,332,M17
4405047,1447,2,GS,103,M7
4405047,1447,2,MATH,204,M12
4405080,1447,2,AI,342,M10
4405080,1447,2,AI,352,M10
4405080,1447,2,AI,371,M6
4405080,1447,2,COE,332,M17
4405080,1447,2,GS,134,M6
4403545,1447,2,GS,103,M5
4403575,1447,2,GS,303,M10
4403610,1447,2,GS,103,M5
4403737,1447,2,CS,372,M2
4403737,1447,2,MATH,204,M8
4403820,1447,2,GS,103,M5
4404041,1447,2,GS,103,M5
4404223,1447,2,MATH,204,M12
4404577,1447,2,MATH,101,M6
4404577,1447,2,MATH,243,M1
4404594,1447,2,GS,103,M5
4404611,1447,2,GS,103,M5
4404824,1447,2,CS,372,M2
4404824,1447,2,GS,103,M5
4404893,1447,2,GS,103,M5
4405047,1447,2,MATH,204,M12
4405019,1447,2,GS,103,M5
4405080,1447,2,GS,134,M6
4405271,1447,2,EDPA,315,M1
4405316,1447,2,GS,103,M39
4405316,1447,2,GS,134,M6
4405381,1447,2,GS,103,M5
4405382,1447,2,MATH,203,M1
4405382,1447,2,MATH,243,M2
4405517,1447,2,GS,103,M5
4405840,1447,2,EDIS,413,M1
4405840,1447,2,GS,134,M6
4405993,1447,2,GS,103,M5
4406107,1447,2,ENGL,214,M3
4406183,1447,2,GS,103,M5
4406223,1447,2,GS,103,M5
4420126,1447,2,EDPA,315,M1
4420658,1447,2,GS,103,M5
4500771,1447,2,GS,103,M5
4500856,1447,2,GS,103,M4
4500856,1447,2,MATH,204,M6
4500860,1447,2,GS,134,M6
4501111,1447,2,GS,103,M39
4501111,1447,2,GS,303,M11
4501646,1447,2,CS,211,M3
4501646,1447,2,GS,103,M5
4501709,1447,2,MATH,204,M6
4501872,1447,2,MATH,203,M1
4502156,1447,2,GS,103,M39
4502416,1447,2,GS,103,M39
4502416,1447,2,GS,303,M11
4502175,1447,2,GS,103,M39
4502175,1447,2,GS,303,M11
4502688,1447,2,MATH,204,M6
4502806,1447,2,GS,103,M39
4502806,1447,2,GS,303,M11
4503032,1447,2,GS,103,M39
4503032,1447,2,GS,303,M11
4503201,1447,2,GS,103,M39
4503405,1447,2,ENGL,214,M3
4403575,1447,2,GS,303,M10
4403545,1447,2,GS,103,M5
4403610,1447,2,GS,103,M5
4403737,1447,2,CS,372,M2
4403737,1447,2,MATH,204,M8
4403820,1447,2,GS,103,M5
4404041,1447,2,GS,103,M5
4404223,1447,2,MATH,204,M12
4404577,1447,2,MATH,101,M6
4404577,1447,2,MATH,243,M1
4404594,1447,2,GS,103,M5
4404611,1447,2,GS,103,M5
4404824,1447,2,CS,372,M2
4404824,1447,2,GS,103,M5
4404893,1447,2,GS,103,M5
4405019,1447,2,GS,103,M5
4405080,1447,2,GS,134,M6
4405047,1447,2,MATH,204,M12
4405271,1447,2,EDPA,315,M1
4405316,1447,2,GS,103,M39
4405316,1447,2,GS,134,M6
4405381,1447,2,GS,103,M5
4405382,1447,2,MATH,203,M1
4405382,1447,2,MATH,243,M2
4405517,1447,2,GS,103,M5
4405840,1447,2,EDIS,413,M1
4405840,1447,2,GS,134,M6
4405993,1447,2,GS,103,M5
4406107,1447,2,ENGL,214,M3
4406183,1447,2,GS,103,M5
4406223,1447,2,GS,103,M5
4420126,1447,2,EDPA,315,M1
4420658,1447,2,GS,103,M5
4500771,1447,2,GS,103,M5
4500856,1447,2,GS,103,M4
4500856,1447,2,MATH,204,M6
4500860,1447,2,GS,134,M6
4501111,1447,2,GS,103,M39
4501111,1447,2,GS,303,M11
4501646,1447,2,CS,211,M3
4501646,1447,2,GS,103,M5
4501709,1447,2,MATH,204,M6
4501872,1447,2,MATH,203,M1
4502156,1447,2,GS,103,M39
4502416,1447,2,GS,103,M39
4502416,1447,2,GS,303,M11
4502175,1447,2,GS,103,M39
4502175,1447,2,GS,303,M11
4502688,1447,2,MATH,204,M6
4502806,1447,2,GS,103,M39
4502806,1447,2,GS,303,M11
4503032,1447,2,GS,103,M39
4503032,1447,2,GS,303,M11
4503201,1447,2,GS,103,M39
4503405,1447,2,ENGL,214,M3
4403545,1447,2,GS,103,M5
4403575,1447,2,GS,303,M10
4403610,1447,2,GS,103,M5
4400369,1447,2,EDPA,315,M1
4400399,1447,2,GS,103,M5
4400745,1447,2,GS,103,M5
4401143,1447,2,GS,303,M10
4401143,1447,2,MATH,204,M12
4401214,1447,2,EDPA,315,M1
4401214,1447,2,GS,134,M6
4401251,1447,2,GS,103,M5
4401303,1447,2,GS,103,M5
4401379,1447,2,GS,134,M6
4401353,1447,2,GS,134,M6
4401475,1447,2,GS,103,M5
4401603,1447,2,GS,303,M11
4401654,1447,2,MATH,204,M12
4401665,1447,2,GS,103,M5
4402043,1447,2,MATH,204,M12
4402398,1447,2,SCLS,101,M1
4402962,1447,2,EDIS,311,M1
4402898,1447,2,ENGL,214,M23
4403044,1447,2,GS,103,M5
4403545,1447,2,GS,103,M5
4403241,1447,2,GS,103,M5
4403549,1447,2,CS,372,M2
4403549,1447,2,GS,303,M11
4403610,1447,2,GS,103,M5
4403575,1447,2,GS,303,M10
4403737,1447,2,CS,372,M2
4403737,1447,2,MATH,204,M8
4403820,1447,2,GS,103,M5
4404041,1447,2,GS,103,M5
4404223,1447,2,MATH,204,M12
4404577,1447,2,MATH,101,M6
4404577,1447,2,MATH,243,M1
4404611,1447,2,GS,103,M5
4404594,1447,2,GS,103,M5
4404824,1447,2,CS,372,M2
4404824,1447,2,GS,103,M5
4404893,1447,2,GS,103,M5
4405019,1447,2,GS,103,M5
4405047,1447,2,MATH,204,M12
4405080,1447,2,GS,134,M6
4405271,1447,2,EDPA,315,M1
4405316,1447,2,GS,103,M39
4405316,1447,2,GS,134,M6
4405382,1447,2,MATH,203,M1
4405382,1447,2,MATH,243,M2
4405381,1447,2,GS,103,M5
4405517,1447,2,GS,103,M5
4405993,1447,2,GS,103,M5
4405840,1447,2,EDIS,413,M1
4405840,1447,2,GS,134,M6
4406107,1447,2,ENGL,214,M3
4406183,1447,2,GS,103,M5
4406223,1447,2,GS,103,M5
4420126,1447,2,EDPA,315,M1
4420658,1447,2,GS,103,M5
4500771,1447,2,GS,103,M5
4500856,1447,2,GS,103,M4
4500856,1447,2,MATH,204,M6
4500860,1447,2,GS,134,M6
4501111,1447,2,GS,103,M39
4501111,1447,2,GS,303,M11
4501709,1447,2,MATH,204,M6
4501646,1447,2,CS,211,M3
4501646,1447,2,GS,103,M5
4501872,1447,2,MATH,203,M1
4502156,1447,2,GS,103,M39
4502175,1447,2,GS,103,M39
4502175,1447,2,GS,303,M11
4502416,1447,2,GS,103,M39
4502416,1447,2,GS,303,M11
4502678,1447,2,GS,103,M39
4502688,1447,2,MATH,204,M6
4503032,1447,2,GS,103,M39
4503032,1447,2,GS,303,M11
4502806,1447,2,GS,103,M39
4502806,1447,2,GS,303,M11
4503201,1447,2,GS,103,M39
4503405,1447,2,ENGL,214,M3
4503562,1447,2,GS,303,M10
4503657,1447,2,GS,103,M5
4504061,1447,2,GS,103,M39
4504061,1447,2,GS,303,M11
4504247,1447,2,GS,103,M39
4504279,1447,2,GS,103,M39
4504279,1447,2,GS,303,M10
4504520,1447,2,GS,103,M5
4504521,1447,2,MATH,203,M1
4505751,1447,2,GS,103,M39
4505751,1447,2,GS,303,M11
4505773,1447,2,CHEM,101,M3
4505778,1447,2,GS,152,M4
4505777,1447,2,ENG,102,M20
4505777,1447,2,GS,152,M4
4505779,1447,2,GS,152,M4
4400478,1447,2,GS,103,M39
4400478,1447,2,GS,134,M6
4400718,1447,2,GS,134,M6
4400751,1447,2,GS,134,M6
4401563,1447,2,GS,103,M5
4401563,1447,2,IS,252,M6
4401931,1447,2,GS,303,M11
4401963,1447,2,GS,134,M6
4402018,1447,2,GS,112,M8
4402462,1447,2,GS,303,M10
4402881,1447,2,ENGL,214,M7
4403107,1447,2,CS,112,M7
4403168,1447,2,GS,103,M5
4404442,1447,2,GS,103,M5
4404442,1447,2,MATH,101,M7
4404551,1447,2,GS,103,M5
4404551,1447,2,IS,252,M6
4404663,1447,2,GS,103,M5
4404663,1447,2,IS,252,M6
4405054,1447,2,GS,112,M10
4405070,1447,2,CS,112,M39
4405070,1447,2,MATH,203,M1
4405070,1447,2,MATH,243,M2
4405070,1447,2,PHYS,101,M15
4405174,1447,2,GS,103,M5
4405204,1447,2,GS,103,M39
4405523,1447,2,GS,303,M10
4405960,1447,2,GS,134,M6
4405726,1447,2,GS,103,M5
4406145,1447,2,GS,103,M5
4406145,1447,2,IS,252,M6
4500002,1447,2,GS,112,M8
4500450,1447,2,ENGL,214,M38
4500543,1447,2,IS,252,M6
4500571,1447,2,GS,103,M39
4500846,1447,2,CS,112,M39
4500846,1447,2,IS,252,M6
4500846,1447,2,MATH,203,M1
4500749,1447,2,GS,112,M8
4500848,1447,2,IS,244,M18
4501022,1447,2,GS,103,M39
4501022,1447,2,IS,252,M6
4501022,1447,2,MATH,203,M1
4501223,1447,2,IS,244,M18
4501433,1447,2,IS,252,M4
4502441,1447,2,ENGL,104,M7
4502441,1447,2,IS,252,M6
4502519,1447,2,BIOL,101,M6
4502519,1447,2,EDIS,311,M1
4502519,1447,2,EDPA,315,M1
4502529,1447,2,IS,252,M6
4502639,1447,2,GS,103,M39
4502686,1447,2,GS,303,M10
4502686,1447,2,MATH,203,M1
4502686,1447,2,MATH,243,M1
4502718,1447,2,ENGL,104,M26
4502883,1447,2,EDIS,311,M1
4503134,1447,2,GS,103,M39
4503211,1447,2,GS,103,M5
4503211,1447,2,IS,252,M6
4503808,1447,2,IS,244,M18
4503867,1447,2,IS,252,M6
4504243,1447,2,GS,103,M39
4504386,1447,2,ENGL,104,M26
4504425,1447,2,GS,303,M11
4504599,1447,2,GS,103,M5
4504599,1447,2,IS,252,M6
4504600,1447,2,IS,252,M6
4505673,1447,2,ENG,102,M20
4505673,1447,2,GS,134,M6
4505673,1447,2,MATH,203,M1
4505673,1447,2,MATH,243,M2
4505749,1447,2,ENGL,104,M26
4505749,1447,2,IS,252,M6
4505799,1447,2,CHEM,101,M2
4505799,1447,2,CS,211,M3
4505799,1447,2,PHYS,101,M15
3900297,1447,2,MATH,206,M2
4100201,1447,2,EDCT,416,M28
4100201,1447,2,EDIS,413,M1
4100201,1447,2,GS,303,M10
4100201,1447,2,IS,346,M2
4100201,1447,2,IS,486,M1
4100201,1447,2,IS,492,M26
4100018,1447,2,CS,112,M36
4028024,1447,2,EDPA,315,M1
4028024,1447,2,IS,482,M3
4028024,1447,2,IS,486,M1
4028024,1447,2,IS,492,M31
4028024,1447,2,MGT,324,M2
4102789,1447,2,MATH,206,M2
4102789,1447,2,STAT,305,M8
4200201,1447,2,CS,112,M39
4200201,1447,2,IS,242,M3
4200201,1447,2,IS,362,M5
4200201,1447,2,IS,453,M1
4200201,1447,2,IS,482,M3
4200201,1447,2,MATH,206,M1
4106427,1447,2,CS,211,M3
4106427,1447,2,MATH,206,M2
4106427,1447,2,STAT,305,M8
4200244,1447,2,EDCT,416,M28
4200244,1447,2,EDPA,315,M1
4200244,1447,2,GS,134,M6
4200244,1447,2,IS,372,M9
4200244,1447,2,IS,482,M3
4200244,1447,2,IS,486,M1
4200244,1447,2,IS,492,M29
4200244,1447,2,MGT,324,M2
4200278,1447,2,CS,112,M36
4200366,1447,2,IS,242,M4
4200366,1447,2,IS,244,M6
4200366,1447,2,IS,252,M5
4200550,1447,2,EDIS,311,M1
4200550,1447,2,IS,482,M3
4200550,1447,2,IS,486,M1
4200550,1447,2,IS,492,M26
4200550,1447,2,MGT,324,M2
4200390,1447,2,IS,346,M2
4200390,1447,2,IS,362,M4
4200390,1447,2,IS,372,M9
4200390,1447,2,IS,482,M3
4200390,1447,2,IS,493,M1
4200390,1447,2,MGT,324,M2
4200621,1447,2,IS,453,M1
4200621,1447,2,IS,482,M3
4200621,1447,2,IS,492,M32
4200621,1447,2,MGT,324,M2
4200760,1447,2,CS,112,M38
4200760,1447,2,IS,242,M2
4200760,1447,2,IS,362,M5
4200760,1447,2,IS,453,M1
4201252,1447,2,IS,362,M4
4201252,1447,2,IS,372,M9
4201252,1447,2,IS,492,M29
4201252,1447,2,IS,493,M1
4201252,1447,2,MGT,324,M2
4201118,1447,2,CS,112,M36
4201118,1447,2,IS,251,M1
4201118,1447,2,MATH,206,M2
4201367,1447,2,IS,481,M1
4201367,1447,2,IS,482,M3
4201367,1447,2,IS,492,M25
4201367,1447,2,MGT,324,M2
4201636,1447,2,CS,112,M36
4201636,1447,2,GS,103,M5
4201636,1447,2,IS,251,M3
4201636,1447,2,IS,493,M1
4201663,1447,2,ART,116,M1
4201663,1447,2,IS,482,M3
4201663,1447,2,IS,486,M1
4201663,1447,2,IS,492,M32
4201833,1447,2,IS,251,M1
4201833,1447,2,MATH,203,M11
4201906,1447,2,IS,486,M1
4201906,1447,2,IS,492,M30
4201908,1447,2,IS,486,M1
4201908,1447,2,IS,490,M3
4201908,1447,2,IS,492,M32
4201927,1447,2,GS,134,M6
4201927,1447,2,IS,482,M3
4201927,1447,2,IS,486,M1
4201927,1447,2,IS,492,M31
4201927,1447,2,MATH,206,M2
4201927,1447,2,MGT,324,M2
4202056,1447,2,IS,251,M3
4202066,1447,2,EDPA,315,M1
4202066,1447,2,IS,481,M1
4202066,1447,2,IS,482,M3
4202066,1447,2,IS,486,M1
4202066,1447,2,IS,492,M26
4202066,1447,2,MGT,324,M2
4202093,1447,2,IS,251,M1
4202103,1447,2,EDIS,311,M1
4202103,1447,2,IS,482,M3
4202103,1447,2,IS,486,M1
4202103,1447,2,IS,492,M29
4202103,1447,2,MATH,206,M2
4202103,1447,2,STAT,305,M8
4202240,1447,2,IS,346,M2
4202240,1447,2,IS,362,M4
4202240,1447,2,IS,482,M3
4202240,1447,2,IS,493,M1
4202240,1447,2,MGT,324,M2
4202247,1447,2,IS,482,M3
4202247,1447,2,IS,486,M1
4202247,1447,2,IS,492,M30
4202247,1447,2,MGT,324,M2
4202263,1447,2,CS,112,M8
4202263,1447,2,IS,453,M1
4202263,1447,2,IS,492,M30
4202263,1447,2,MATH,203,M11
4202408,1447,2,IS,242,M2
4202408,1447,2,IS,244,M18
4202408,1447,2,IS,252,M4
4202408,1447,2,MATH,206,M1
4203064,1447,2,CS,112,M39
4203064,1447,2,IS,242,M3
4203064,1447,2,IS,362,M5
4203064,1447,2,IS,453,M1
4203064,1447,2,IS,482,M3
4203064,1447,2,MATH,206,M1
4203611,1447,2,EDPA,315,M1
4203611,1447,2,IS,486,M1
4203611,1447,2,IS,492,M30
4205264,1447,2,CS,112,M39
4205264,1447,2,IS,346,M3
4205264,1447,2,IS,362,M5
4205264,1447,2,IS,482,M3
4205264,1447,2,MATH,206,M1
4205761,1447,2,IS,372,M9
4205761,1447,2,IS,482,M3
4205761,1447,2,IS,492,M25
4205761,1447,2,IS,493,M1
4205761,1447,2,MGT,324,M2
4205761,1447,2,STAT,305,M8
4205866,1447,2,IS,482,M3
4205866,1447,2,IS,486,M1
4205866,1447,2,IS,492,M28
4205866,1447,2,MGT,324,M2
4206008,1447,2,CS,112,M39
4206008,1447,2,CS,211,M4
4206008,1447,2,IS,482,M3
4206008,1447,2,IS,486,M1
4206008,1447,2,IS,492,M26
4206008,1447,2,MGT,324,M2
4300156,1447,2,IS,346,M3
4300156,1447,2,IS,362,M5
4300156,1447,2,IS,372,M9
4300156,1447,2,IS,411,M1
4300156,1447,2,IS,482,M3
4300156,1447,2,IS,493,M1
4300179,1447,2,EDIS,413,M1
4300179,1447,2,GS,103,M4
4300179,1447,2,IS,453,M1
4300179,1447,2,IS,481,M1
4300179,1447,2,IS,482,M3
4300179,1447,2,IS,492,M31
4300179,1447,2,MGT,324,M2
4300242,1447,2,EDPA,315,M1
4300242,1447,2,IS,362,M5
4300242,1447,2,IS,453,M1
4300242,1447,2,IS,492,M33
4300242,1447,2,MATH,206,M2
4300274,1447,2,IS,482,M3
4300274,1447,2,IS,486,M1
4300274,1447,2,IS,492,M31
4300274,1447,2,MGT,324,M2
4300387,1447,2,EDIS,311,M1
4300387,1447,2,EDIS,413,M1
4300387,1447,2,IS,251,M1
4300756,1447,2,EDIS,311,M1
4300756,1447,2,GS,134,M6
4300756,1447,2,IS,482,M3
4300756,1447,2,IS,486,M1
4300756,1447,2,IS,492,M34
4300756,1447,2,MGT,324,M2
4300699,1447,2,ENGL,214,M23
4300699,1447,2,GS,103,M39
4300699,1447,2,IS,481,M1
4300699,1447,2,IS,482,M3
4300699,1447,2,IS,492,M34
4300699,1447,2,MGT,324,M2
4300793,1447,2,EDPA,315,M1
4300793,1447,2,IS,372,M9
4300793,1447,2,IS,482,M3
4300793,1447,2,IS,486,M1
4300793,1447,2,IS,492,M31
4300793,1447,2,MGT,324,M2
4301096,1447,2,IS,372,M9
4301096,1447,2,IS,453,M1
4301096,1447,2,IS,482,M3
4301096,1447,2,IS,492,M25
4301096,1447,2,MGT,324,M2
4301256,1447,2,IS,481,M1
4301256,1447,2,IS,482,M3
4301256,1447,2,IS,492,M34
4301256,1447,2,MGT,324,M2
4301099,1447,2,EDIS,311,M1
4301099,1447,2,GS,134,M6
4301099,1447,2,IS,482,M3
4301099,1447,2,IS,486,M1
4301099,1447,2,IS,492,M34
4301099,1447,2,MGT,324,M2
4301258,1447,2,IS,481,M1
4301258,1447,2,IS,482,M3
4301258,1447,2,IS,492,M34
4301258,1447,2,MGT,324,M2
4301261,1447,2,IS,346,M3
4301261,1447,2,IS,362,M5
4301261,1447,2,IS,372,M9
4301261,1447,2,IS,481,M1
4301557,1447,2,IS,482,M3
4301557,1447,2,IS,492,M27
4301557,1447,2,IS,493,M1
4301557,1447,2,MGT,324,M2
4301721,1447,2,IS,346,M3
4301721,1447,2,IS,362,M5
4301721,1447,2,IS,411,M1
4301721,1447,2,MATH,206,M1
4301769,1447,2,EDIS,413,M1
4301769,1447,2,GS,134,M6
4301769,1447,2,IS,346,M2
4301769,1447,2,IS,453,M1
4301769,1447,2,IS,481,M1
4301769,1447,2,IS,482,M3
4301769,1447,2,IS,492,M28
4301769,1447,2,MGT,324,M2
4301855,1447,2,IS,453,M1
4301855,1447,2,IS,482,M3
4301855,1447,2,IS,492,M32
4301855,1447,2,MGT,324,M2
4301922,1447,2,IS,251,M1
4302094,1447,2,IS,242,M4
4302094,1447,2,IS,244,M6
4302094,1447,2,IS,252,M5
4302117,1447,2,EDIS,311,M1
4302117,1447,2,IS,453,M1
4302117,1447,2,IS,482,M3
4302117,1447,2,IS,492,M28
4302117,1447,2,MGT,324,M2
4302137,1447,2,EDIS,311,M1
4302137,1447,2,GS,303,M10
4302137,1447,2,IS,346,M2
4302137,1447,2,IS,453,M1
4302137,1447,2,IS,482,M3
4302137,1447,2,IS,492,M25
4302137,1447,2,MGT,324,M2
4302149,1447,2,EDIS,413,M1
4302149,1447,2,GS,134,M6
4302149,1447,2,IS,482,M3
4302149,1447,2,IS,486,M1
4302149,1447,2,IS,492,M27
4302149,1447,2,MGT,324,M2
4302178,1447,2,IS,346,M3
4302178,1447,2,IS,362,M5
4302178,1447,2,IS,372,M9
4302178,1447,2,IS,411,M1
4302178,1447,2,IS,482,M3
4302178,1447,2,IS,493,M1
4302291,1447,2,EDIS,311,M1
4302291,1447,2,IS,482,M3
4302291,1447,2,IS,486,M1
4302291,1447,2,IS,492,M32
4302291,1447,2,MGT,324,M2
4302788,1447,2,IS,482,M3
4302788,1447,2,IS,486,M1
4302788,1447,2,IS,492,M27
4302788,1447,2,MGT,324,M2
4302296,1447,2,EDIS,311,M1
4302296,1447,2,EDPA,315,M1
4302296,1447,2,IS,453,M1
4302296,1447,2,IS,482,M3
4302296,1447,2,IS,492,M28
4302296,1447,2,MGT,324,M2
4302933,1447,2,IS,482,M3
4302933,1447,2,IS,492,M27
4302933,1447,2,IS,493,M1
4302933,1447,2,MGT,324,M2
4302979,1447,2,ART,116,M1
4302979,1447,2,ART,308,M5
4302979,1447,2,IS,482,M3
4302979,1447,2,IS,486,M1
4302979,1447,2,IS,492,M27
4302979,1447,2,MGT,324,M2
4303489,1447,2,ART,116,M1
4303489,1447,2,EDPA,315,M1
4303489,1447,2,IS,482,M3
4303489,1447,2,IS,492,M29
4303489,1447,2,IS,493,M1
4303489,1447,2,MGT,324,M2
4303662,1447,2,GS,103,M5
4303662,1447,2,IS,252,M5
4303662,1447,2,IS,346,M3
4303662,1447,2,IS,362,M5
4303252,1447,2,EDIS,413,M1
4303252,1447,2,ENGL,214,M24
4303252,1447,2,IS,346,M2
4303252,1447,2,IS,481,M1
4303252,1447,2,IS,482,M3
4303252,1447,2,IS,492,M33
4303762,1447,2,IS,346,M2
4303762,1447,2,IS,362,M4
4303762,1447,2,IS,482,M3
4303762,1447,2,IS,486,M1
4303762,1447,2,MGT,324,M2
4303965,1447,2,IS,346,M3
4303965,1447,2,IS,362,M5
4303965,1447,2,IS,372,M9
4303965,1447,2,IS,481,M1
4303893,1447,2,GS,303,M10
4303893,1447,2,IS,346,M3
4303893,1447,2,IS,362,M5
4303893,1447,2,IS,482,M3
4303893,1447,2,IS,493,M1
4306525,1447,2,ART,116,M1
4306525,1447,2,EDPA,315,M1
4306525,1447,2,IS,372,M9
4306525,1447,2,IS,482,M3
4306525,1447,2,IS,492,M30
4306525,1447,2,IS,493,M1
4306525,1447,2,MGT,324,M2
4306533,1447,2,GS,103,M39
4306533,1447,2,GS,303,M11
4306533,1447,2,IS,346,M3
4306533,1447,2,IS,362,M5
4306533,1447,2,IS,481,M1
4306676,1447,2,IS,346,M2
4306676,1447,2,IS,362,M4
4306676,1447,2,IS,411,M1
4306676,1447,2,IS,482,M3
4306903,1447,2,IS,346,M3
4306903,1447,2,IS,362,M5
4306903,1447,2,IS,372,M9
4306903,1447,2,IS,411,M1
4306903,1447,2,IS,482,M3
4306903,1447,2,IS,493,M1
4306976,1447,2,EDPA,315,M1
4306976,1447,2,GS,134,M6
4306976,1447,2,GS,333,M10
4306976,1447,2,IS,481,M1
4306976,1447,2,IS,482,M3
4306976,1447,2,IS,486,M1
4306976,1447,2,IS,492,M26
4306976,1447,2,MGT,324,M2
4307226,1447,2,EDIS,413,M1
4307226,1447,2,ENGL,214,M23
4307226,1447,2,IS,346,M3
4307226,1447,2,IS,362,M5
4307226,1447,2,IS,481,M1
4307226,1447,2,IS,492,M33
4307233,1447,2,GS,134,M6
4307233,1447,2,IS,346,M3
4307233,1447,2,IS,362,M5
4307233,1447,2,IS,481,M1
4307233,1447,2,MATH,203,M11
4307241,1447,2,ENGL,214,M22
4307241,1447,2,IS,481,M1
4307241,1447,2,IS,482,M3
4307241,1447,2,IS,492,M29
4307241,1447,2,MGT,324,M2
4307243,1447,2,IS,346,M3
4307243,1447,2,IS,362,M5
4307243,1447,2,IS,411,M1
4307243,1447,2,IS,492,M33
4307252,1447,2,ENGL,214,M23
4307252,1447,2,IS,362,M5
4307252,1447,2,IS,453,M1
4307252,1447,2,IS,481,M1
4307252,1447,2,IS,492,M33
4307252,1447,2,MGT,324,M2
4307260,1447,2,CS,112,M39
4307260,1447,2,ENGL,214,M23
4307260,1447,2,IS,242,M4
4307260,1447,2,IS,244,M4
4307260,1447,2,IS,252,M5
4400074,1447,2,GS,103,M39
4400074,1447,2,GS,134,M6
4400074,1447,2,IS,346,M2
4400074,1447,2,IS,362,M4
4400074,1447,2,IS,372,M9
4400074,1447,2,IS,493,M1
4400118,1447,2,ENGL,214,M24
4400118,1447,2,IS,242,M3
4400118,1447,2,IS,244,M6
4400118,1447,2,IS,252,M4
4400118,1447,2,MATH,206,M2
4400344,1447,2,GS,103,M5
4400344,1447,2,GS,112,M10
4400344,1447,2,IS,242,M2
4400344,1447,2,MATH,101,M7
4400378,1447,2,CS,112,M39
4400378,1447,2,ENGL,214,M23
4400378,1447,2,IS,252,M5
4400378,1447,2,IS,346,M3
4400378,1447,2,IS,362,M5
4400397,1447,2,EDIS,311,M1
4400397,1447,2,GS,103,M4
4400397,1447,2,MATH,101,M7
4400470,1447,2,GS,103,M39
4400470,1447,2,IS,346,M2
4400470,1447,2,IS,362,M4
4400470,1447,2,IS,372,M9
4400470,1447,2,IS,411,M1
4400511,1447,2,GS,104,M7
4400511,1447,2,GS,134,M6
4400511,1447,2,IS,346,M3
4400511,1447,2,IS,362,M5
4400511,1447,2,IS,372,M9
4400511,1447,2,IS,493,M1
4400581,1447,2,CS,112,M36
4400581,1447,2,IS,346,M2
4400581,1447,2,IS,362,M4
4400581,1447,2,MATH,206,M1
4400643,1447,2,GS,103,M39
4400643,1447,2,GS,134,M6
4400643,1447,2,IS,346,M2
4400643,1447,2,IS,362,M4
4400643,1447,2,IS,372,M9
4400643,1447,2,IS,411,M1
4400607,1447,2,GS,104,M7
4400607,1447,2,GS,134,M6
4400607,1447,2,IS,346,M3
4400607,1447,2,IS,362,M5
4400607,1447,2,IS,372,M9
4400607,1447,2,IS,411,M1
4400607,1447,2,IS,482,M3
4400850,1447,2,CS,112,M39
4400850,1447,2,GS,103,M39
4400850,1447,2,IS,346,M3
4400850,1447,2,IS,362,M5
4400850,1447,2,MATH,206,M1
4400966,1447,2,GS,134,M6
4400966,1447,2,IS,346,M3
4400966,1447,2,IS,362,M5
4400966,1447,2,IS,372,M9
4400966,1447,2,IS,481,M1
4400883,1447,2,EDIS,413,M1
4400883,1447,2,GS,303,M10
4400883,1447,2,IS,346,M3
4400883,1447,2,IS,362,M5
4400883,1447,2,IS,372,M9
4400883,1447,2,IS,411,M1
4401028,1447,2,GS,103,M39
4401028,1447,2,IS,346,M3
4401028,1447,2,IS,362,M5
4401028,1447,2,IS,372,M9
4401028,1447,2,IS,411,M1
4401132,1447,2,ENGL,214,M22
4401132,1447,2,IS,453,M1
4401132,1447,2,IS,481,M1
4401132,1447,2,IS,482,M3
4401132,1447,2,IS,492,M28
4401132,1447,2,MGT,324,M2
4401132,1447,2,STAT,305,M8
4401361,1447,2,CS,112,M8
4401361,1447,2,ENGL,214,M24
4401361,1447,2,GS,112,M10
4401361,1447,2,MATH,101,M7
4401304,1447,2,GS,112,M10
4401304,1447,2,GS,303,M11
4401304,1447,2,IS,346,M3
4401304,1447,2,IS,362,M5
4401304,1447,2,IS,372,M9
4401304,1447,2,IS,411,M1
4401375,1447,2,GS,103,M39
4401375,1447,2,IS,346,M2
4401375,1447,2,IS,362,M4
4401375,1447,2,IS,372,M9
4401375,1447,2,IS,481,M1
4401423,1447,2,GS,103,M39
4401423,1447,2,GS,134,M6
4401423,1447,2,IS,346,M2
4401423,1447,2,IS,362,M4
4401423,1447,2,IS,372,M9
4401423,1447,2,IS,493,M1
4401690,1447,2,GS,303,M10
4401690,1447,2,IS,346,M3
4401690,1447,2,IS,362,M5
4401690,1447,2,IS,372,M9
4401690,1447,2,IS,411,M1
4401571,1447,2,ENGL,214,M23
4401571,1447,2,IS,242,M2
4401571,1447,2,IS,453,M1
4401571,1447,2,MATH,206,M1
4401704,1447,2,EDIS,413,M1
4401704,1447,2,GS,103,M5
4401704,1447,2,GS,104,M7
4401704,1447,2,IS,346,M3
4401704,1447,2,IS,362,M5
4401704,1447,2,IS,411,M1
4401704,1447,2,MATH,206,M1
4401706,1447,2,GS,112,M10
4401706,1447,2,IS,242,M4
4401706,1447,2,IS,252,M6
4401706,1447,2,MATH,203,M11
4401786,1447,2,IS,372,M9
4401786,1447,2,IS,453,M1
4401786,1447,2,IS,481,M1
4401786,1447,2,IS,482,M3
4401786,1447,2,IS,492,M25
4401786,1447,2,MGT,324,M2
4401784,1447,2,ENGL,214,M24
4401784,1447,2,IS,346,M2
4401784,1447,2,IS,362,M4
4401784,1447,2,IS,372,M9
4401784,1447,2,IS,411,M1
4401844,1447,2,GS,103,M39
4401844,1447,2,IS,346,M2
4401844,1447,2,IS,362,M4
4401844,1447,2,IS,372,M9
4401844,1447,2,IS,481,M1
4401932,1447,2,IS,346,M3
4401932,1447,2,IS,362,M5
4401932,1447,2,IS,372,M9
4401932,1447,2,IS,411,M1
4402171,1447,2,GS,103,M39
4402171,1447,2,IS,346,M2
4402171,1447,2,IS,362,M4
4402171,1447,2,IS,372,M9
4402171,1447,2,IS,481,M1
4402232,1447,2,CS,112,M36
4402232,1447,2,ENGL,214,M23
4402232,1447,2,IS,242,M2
4402232,1447,2,IS,244,M6
4402339,1447,2,EDIS,413,M1
4402339,1447,2,GS,103,M4
4402339,1447,2,IS,346,M3
4402339,1447,2,IS,362,M5
4402339,1447,2,IS,411,M1
4402339,1447,2,MATH,206,M1
4402757,1447,2,CS,112,M36
4402757,1447,2,ENGL,214,M23
4402757,1447,2,IS,346,M2
4402757,1447,2,IS,362,M4
4402757,1447,2,IS,481,M1
4402840,1447,2,GS,103,M39
4402840,1447,2,GS,134,M6
4402840,1447,2,IS,346,M2
4402840,1447,2,IS,362,M4
4402840,1447,2,IS,372,M9
4402840,1447,2,IS,493,M1
4403592,1447,2,ENGL,214,M23
4403592,1447,2,IS,242,M4
4403592,1447,2,IS,244,M4
4403592,1447,2,IS,252,M5
4403371,1447,2,IS,346,M2
4403371,1447,2,IS,362,M4
4403371,1447,2,IS,411,M1
4403371,1447,2,MATH,206,M2
4403617,1447,2,CS,112,M36
4403617,1447,2,IS,242,M2
4403617,1447,2,IS,244,M18
4403617,1447,2,MATH,206,M1
4404016,1447,2,GS,103,M39
4404016,1447,2,IS,346,M2
4404016,1447,2,IS,362,M4
4404016,1447,2,IS,372,M9
4404016,1447,2,IS,493,M1
4404252,1447,2,CS,112,M36
4404252,1447,2,ENGL,214,M23
4404252,1447,2,IS,242,M4
4404252,1447,2,IS,244,M6
4404252,1447,2,IS,252,M6
4404476,1447,2,GS,103,M5
4404476,1447,2,GS,112,M10
4404476,1447,2,IS,346,M2
4404476,1447,2,IS,362,M4
4404476,1447,2,MATH,101,M6
4404670,1447,2,IS,346,M2
4404670,1447,2,IS,362,M4
4404670,1447,2,IS,372,M9
4404670,1447,2,IS,411,M1
4404719,1447,2,GS,103,M39
4404719,1447,2,GS,134,M6
4404719,1447,2,IS,346,M2
4404719,1447,2,IS,362,M4
4404719,1447,2,IS,372,M9
4404719,1447,2,IS,493,M1
4404817,1447,2,ENGL,214,M24
4404817,1447,2,GS,112,M10
4404817,1447,2,IS,251,M1
4404742,1447,2,ENGL,104,M8
4404742,1447,2,GS,103,M5
4404742,1447,2,IS,346,M2
4404742,1447,2,IS,362,M4
4404742,1447,2,IS,411,M1
4405138,1447,2,MATH,206,M2
4405395,1447,2,CS,112,M36
4405395,1447,2,GS,134,M6
4405395,1447,2,IS,242,M4
4405395,1447,2,IS,244,M6
4405395,1447,2,IS,252,M6
4405590,1447,2,BIOL,101,M6
4405590,1447,2,CHEM,101,M2
4405590,1447,2,MATH,203,M3
4405763,1447,2,ENGL,214,M22
4405763,1447,2,GS,103,M5
4405763,1447,2,GS,112,M12
4405763,1447,2,IS,251,M3
4405777,1447,2,GS,103,M39
4405777,1447,2,GS,134,M6
4405777,1447,2,IS,346,M2
4405777,1447,2,IS,362,M4
4405777,1447,2,IS,372,M9
4405777,1447,2,IS,411,M1
4405846,1447,2,IS,242,M2
4405846,1447,2,IS,244,M6
4405846,1447,2,IS,252,M4
4420021,1447,2,CS,112,M36
4420021,1447,2,ENGL,214,M6
4420021,1447,2,IS,242,M2
4420021,1447,2,IS,244,M18
4405903,1447,2,GS,103,M39
4405903,1447,2,GS,134,M6
4405903,1447,2,IS,346,M2
4405903,1447,2,IS,362,M4
4405903,1447,2,IS,372,M9
4405903,1447,2,IS,493,M1
4420048,1447,2,ENGL,214,M22
4420048,1447,2,IS,251,M1
4420998,1447,2,GS,103,M39
4420998,1447,2,GS,112,M9
4420998,1447,2,IS,346,M3
4420998,1447,2,IS,481,M1
4500004,1447,2,CS,112,M38
4500004,1447,2,EDPA,315,M1
4500004,1447,2,ENGL,214,M24
4500004,1447,2,GS,103,M4
4500004,1447,2,IS,251,M3
4420716,1447,2,GS,134,M6
4420716,1447,2,IS,242,M3
4420716,1447,2,IS,362,M4
4420716,1447,2,MATH,206,M2
4500009,1447,2,ENGL,214,M23
4500009,1447,2,IS,242,M4
4500009,1447,2,IS,244,M6
4500009,1447,2,IS,252,M6
4500075,1447,2,ENGL,214,M23
4500075,1447,2,IS,242,M4
4500075,1447,2,IS,244,M4
4500075,1447,2,IS,252,M5
4500075,1447,2,MATH,206,M2
4500306,1447,2,ENGL,214,M24
4500306,1447,2,IS,242,M2
4500306,1447,2,IS,244,M18
4500306,1447,2,IS,252,M4
4500306,1447,2,MATH,206,M1
4500149,1447,2,CS,112,M39
4500149,1447,2,ENGL,214,M24
4500149,1447,2,IS,242,M2
4500149,1447,2,IS,244,M18
4500149,1447,2,IS,252,M4
4500362,1447,2,ENGL,214,M23
4500395,1447,2,EDIS,311,M1
4500395,1447,2,ENGL,214,M24
4500395,1447,2,GS,103,M39
4500395,1447,2,IS,251,M1
4500395,1447,2,MATH,203,M1
4500456,1447,2,CS,112,M39
4500456,1447,2,IS,251,M1
4500456,1447,2,MATH,206,M1
4500475,1447,2,CS,112,M36
4500475,1447,2,ENGL,214,M24
4500475,1447,2,GS,103,M39
4500475,1447,2,GS,303,M10
4500492,1447,2,EDIS,413,M1
4500492,1447,2,ENGL,214,M24
4500492,1447,2,IS,251,M1
4500492,1447,2,MATH,203,M11
4500509,1447,2,CS,112,M39
4500509,1447,2,ENGL,214,M24
4500509,1447,2,GS,103,M39
4500509,1447,2,IS,251,M1
4500509,1447,2,MATH,203,M11
4500793,1447,2,IS,242,M3
4500793,1447,2,IS,244,M4
4500793,1447,2,IS,252,M5
4500793,1447,2,MATH,206,M2
4500818,1447,2,EDIS,311,M1
4500818,1447,2,EDIS,413,M1
4500818,1447,2,ENGL,214,M24
4500818,1447,2,IS,251,M3
4500818,1447,2,MATH,203,M11
4500837,1447,2,EDPA,315,M1
4500837,1447,2,ENGL,104,M8
4500837,1447,2,GS,103,M39
4500837,1447,2,IS,102,M1
4500837,1447,2,MATH,206,M2
4500899,1447,2,ENGL,104,M8
4500899,1447,2,IS,102,M1
4500899,1447,2,IS,251,M1
4500899,1447,2,MATH,206,M2
4501001,1447,2,ENGL,214,M24
4501001,1447,2,GS,112,M10
4501001,1447,2,MATH,101,M7
4501001,1447,2,PHYS,101,M15
4500991,1447,2,GS,103,M39
4500991,1447,2,GS,303,M11
4500991,1447,2,IS,242,M3
4500991,1447,2,IS,244,M4
4500991,1447,2,IS,252,M4
4500991,1447,2,MATH,206,M2
4501075,1447,2,ENGL,214,M24
4501075,1447,2,GS,103,M5
4501075,1447,2,GS,112,M9
4501075,1447,2,IS,242,M2
4501075,1447,2,IS,244,M18
4501075,1447,2,IS,252,M4
4501088,1447,2,CS,112,M39
4501088,1447,2,IS,242,M4
4501088,1447,2,IS,244,M4
4501088,1447,2,IS,252,M5
4501146,1447,2,CS,112,M39
4501146,1447,2,ENGL,214,M22
4501146,1447,2,GS,103,M39
4501146,1447,2,IS,102,M1
4501146,1447,2,IS,251,M3
4501265,1447,2,CS,112,M39
4501265,1447,2,EDIS,413,M1
4501265,1447,2,IS,242,M4
4501265,1447,2,IS,244,M4
4501265,1447,2,IS,252,M5
4501267,1447,2,GS,103,M5
4501267,1447,2,GS,112,M9
4501267,1447,2,IS,242,M2
4501267,1447,2,IS,244,M18
4501267,1447,2,IS,252,M4
4501329,1447,2,ENGL,214,M22
4501329,1447,2,GS,112,M9
4501329,1447,2,IS,242,M3
4501329,1447,2,IS,244,M4
4501329,1447,2,IS,252,M4
4501357,1447,2,ENGL,214,M24
4501357,1447,2,IS,251,M1
4501357,1447,2,MATH,206,M1
4501385,1447,2,IS,102,M1
4501551,1447,2,EDPA,315,M1
4501551,1447,2,IS,242,M4
4501551,1447,2,IS,244,M6
4501551,1447,2,IS,252,M6
4501551,1447,2,MATH,206,M2
4501651,1447,2,ENGL,214,M22
4501651,1447,2,GS,112,M8
4501651,1447,2,IS,242,M3
4501651,1447,2,IS,244,M4
4501651,1447,2,IS,252,M4
4501605,1447,2,CHEM,101,M3
4501605,1447,2,ENG,102,M16
4501605,1447,2,GS,112,M8
4501691,1447,2,ENGL,214,M24
4501691,1447,2,GS,103,M5
4501691,1447,2,GS,112,M10
4501691,1447,2,IS,242,M2
4501691,1447,2,IS,244,M18
4501691,1447,2,IS,252,M4
4501795,1447,2,ENGL,214,M24
4501795,1447,2,GS,112,M9
4501795,1447,2,IS,242,M3
4501795,1447,2,IS,244,M6
4501795,1447,2,IS,252,M4
4501802,1447,2,CS,112,M39
4501802,1447,2,ENGL,214,M24
4501802,1447,2,GS,103,M39
4501802,1447,2,IS,251,M1
4501802,1447,2,MATH,206,M1
4501855,1447,2,CS,112,M39
4501855,1447,2,ENGL,214,M22
4501855,1447,2,IS,242,M2
4501855,1447,2,IS,244,M18
4501855,1447,2,IS,252,M4
4501879,1447,2,ENGL,214,M24
4501879,1447,2,GS,103,M5
4501879,1447,2,IS,242,M2
4501879,1447,2,IS,244,M18
4501879,1447,2,IS,252,M4
4501950,1447,2,CS,112,M39
4501950,1447,2,ENGL,214,M24
4501950,1447,2,IS,242,M2
4501950,1447,2,IS,244,M18
4501950,1447,2,IS,252,M5
4502158,1447,2,ENGL,214,M6
4502158,1447,2,GS,112,M9
4502158,1447,2,IS,251,M3
4502158,1447,2,MATH,206,M2
4502160,1447,2,ENGL,214,M23
4502160,1447,2,IS,242,M2
4502160,1447,2,IS,244,M6
4502160,1447,2,IS,252,M5
4502254,1447,2,ENGL,214,M24
4502254,1447,2,GS,112,M9
4502254,1447,2,IS,242,M3
4502254,1447,2,IS,244,M6
4502254,1447,2,IS,252,M5
4502339,1447,2,ENGL,214,M23
4502339,1447,2,GS,112,M12
4502339,1447,2,IS,242,M4
4502339,1447,2,IS,244,M6
4502339,1447,2,IS,252,M5
4502356,1447,2,CS,112,M39
4502356,1447,2,ENGL,214,M22
4502356,1447,2,GS,103,M39
4502356,1447,2,IS,251,M1
4502356,1447,2,MATH,206,M1
4502470,1447,2,CS,112,M39
4502470,1447,2,GS,103,M39
4502470,1447,2,IS,242,M2
4502470,1447,2,IS,244,M18
4502470,1447,2,IS,252,M4
4502474,1447,2,EDIS,413,M1
4502474,1447,2,ENGL,214,M22
4502474,1447,2,IS,251,M3
4502474,1447,2,MATH,206,M1
4502487,1447,2,ENGL,214,M22
4502487,1447,2,IS,251,M1
4502487,1447,2,MATH,206,M1
4502488,1447,2,ENGL,214,M22
4502488,1447,2,GS,112,M9
4502488,1447,2,IS,242,M3
4502488,1447,2,IS,244,M6
4502488,1447,2,IS,252,M4
4502521,1447,2,ENG,102,M15
4502521,1447,2,MATH,101,M7
4502561,1447,2,ENGL,104,M5
4502561,1447,2,GS,112,M12
4502561,1447,2,IS,251,M3
4502561,1447,2,MATH,203,M11
4502601,1447,2,ENGL,104,M5
4502601,1447,2,GS,112,M12
4502601,1447,2,GS,303,M10
4502601,1447,2,IS,251,M1
4502610,1447,2,EDIS,413,M1
4502610,1447,2,MATH,203,M1
4502653,1447,2,ENGL,214,M24
4502653,1447,2,GS,134,M6
4502653,1447,2,IS,251,M1
4502653,1447,2,MATH,203,M1
4502784,1447,2,EDIS,413,M1
4502784,1447,2,ENGL,214,M23
4502784,1447,2,SCLS,215,M1
4502915,1447,2,EDIS,413,M1
4502915,1447,2,ENGL,214,M22
4502915,1447,2,GS,103,M4
4502915,1447,2,IS,251,M1
4502915,1447,2,SCLS,215,M1
4502922,1447,2,CS,112,M36
4502922,1447,2,ENGL,214,M24
4502922,1447,2,IS,251,M3
4502922,1447,2,MATH,206,M1
4502956,1447,2,IS,242,M3
4502956,1447,2,IS,244,M4
4502956,1447,2,IS,252,M5
4503000,1447,2,ENGL,214,M24
4503000,1447,2,GS,112,M9
4503000,1447,2,IS,242,M3
4503000,1447,2,IS,244,M6
4503000,1447,2,IS,252,M4
4503045,1447,2,ENGL,214,M6
4503045,1447,2,IS,242,M3
4503045,1447,2,IS,244,M6
4503045,1447,2,IS,252,M5
4503045,1447,2,MATH,206,M2
4503048,1447,2,CS,112,M39
4503048,1447,2,GS,112,M9
4503048,1447,2,IS,242,M3
4503048,1447,2,IS,244,M4
4503048,1447,2,IS,252,M5
4503109,1447,2,ENGL,214,M23
4503109,1447,2,GS,112,M12
4503109,1447,2,IS,242,M2
4503109,1447,2,IS,244,M6
4503109,1447,2,IS,252,M5
4503232,1447,2,ENGL,214,M22
4503232,1447,2,GS,112,M12
4503232,1447,2,IS,251,M3
4503232,1447,2,MATH,206,M1
4503234,1447,2,CS,112,M7
4503234,1447,2,ENGL,104,M5
4503234,1447,2,IS,102,M1
4503234,1447,2,MATH,206,M2
4503297,1447,2,CS,112,M39
4503297,1447,2,ENGL,214,M24
4503297,1447,2,IS,251,M3
4503297,1447,2,MATH,206,M1
4503262,1447,2,ENGL,214,M22
4503262,1447,2,GS,112,M9
4503262,1447,2,IS,242,M3
4503262,1447,2,IS,244,M4
4503262,1447,2,IS,252,M4
4503301,1447,2,ENGL,214,M23
4503301,1447,2,GS,103,M39
4503301,1447,2,IS,242,M4
4503301,1447,2,IS,244,M6
4503301,1447,2,IS,252,M5
4503380,1447,2,ENGL,214,M23
4503380,1447,2,IS,242,M2
4503380,1447,2,IS,244,M6
4503380,1447,2,IS,252,M5
4503442,1447,2,ENGL,214,M22
4503442,1447,2,IS,251,M3
4503442,1447,2,MATH,206,M1
4503472,1447,2,ENGL,214,M6
4503472,1447,2,GS,112,M9
4503472,1447,2,IS,242,M3
4503472,1447,2,IS,252,M4
4503491,1447,2,IS,242,M4
4503491,1447,2,IS,244,M6
4503491,1447,2,IS,252,M6
4503567,1447,2,ENG,102,M15
4503567,1447,2,IS,251,M1
4503567,1447,2,MATH,203,M11
4503708,1447,2,CS,112,M39
4503708,1447,2,ENGL,214,M24
4503708,1447,2,GS,103,M39
4503708,1447,2,IS,251,M1
4503708,1447,2,MATH,206,M1
4503645,1447,2,ENGL,214,M23
4503645,1447,2,IS,242,M4
4503645,1447,2,IS,244,M4
4503645,1447,2,IS,252,M5
4503784,1447,2,GS,112,M12
4503784,1447,2,IS,242,M2
4503784,1447,2,IS,244,M18
4503784,1447,2,IS,252,M4
4503784,1447,2,MATH,206,M1
4503795,1447,2,ENGL,214,M22
4503795,1447,2,GS,112,M10
4503795,1447,2,IS,251,M1
4504028,1447,2,ENG,102,M15
4503823,1447,2,ENGL,214,M24
4503823,1447,2,GS,112,M12
4503823,1447,2,IS,251,M3
4503823,1447,2,MATH,206,M1
4504072,1447,2,GS,103,M5
4504072,1447,2,GS,112,M10
4504072,1447,2,IS,242,M4
4504072,1447,2,IS,244,M6
4504072,1447,2,IS,252,M6
4504072,1447,2,MATH,203,M1
4504091,1447,2,CS,112,M39
4504091,1447,2,ENGL,214,M24
4504091,1447,2,GS,103,M39
4504091,1447,2,GS,112,M9
4504091,1447,2,IS,251,M1
4504091,1447,2,MATH,206,M1
4504105,1447,2,ENGL,214,M22
4504105,1447,2,GS,112,M12
4504105,1447,2,IS,251,M3
4504114,1447,2,CS,112,M36
4504114,1447,2,ENGL,104,M8
4504114,1447,2,GS,303,M11
4504114,1447,2,IS,251,M1
4504114,1447,2,MATH,206,M1
4504126,1447,2,CS,112,M39
4504126,1447,2,ENGL,214,M23
4504126,1447,2,IS,242,M4
4504126,1447,2,IS,244,M6
4504126,1447,2,IS,252,M6
4504139,1447,2,ENGL,214,M22
4504139,1447,2,GS,112,M9
4504139,1447,2,IS,242,M3
4504139,1447,2,IS,244,M4
4504139,1447,2,IS,252,M4
4504154,1447,2,ENGL,214,M22
4504154,1447,2,GS,112,M9
4504154,1447,2,IS,242,M3
4504154,1447,2,IS,244,M4
4504154,1447,2,IS,252,M4
4504239,1447,2,EDIS,413,M1
4504239,1447,2,ENGL,214,M24
4504239,1447,2,GS,112,M8
4504239,1447,2,IS,251,M1
4504239,1447,2,MATH,206,M1
4504407,1447,2,ENGL,214,M23
4504407,1447,2,GS,112,M12
4504407,1447,2,IS,242,M2
4504407,1447,2,IS,244,M6
4504407,1447,2,IS,252,M5
4504484,1447,2,GS,112,M12
4504484,1447,2,IS,102,M1
4504484,1447,2,IS,251,M3
4504492,1447,2,ENGL,214,M23
4504492,1447,2,GS,112,M12
4504492,1447,2,IS,242,M4
4504492,1447,2,IS,244,M6
4504492,1447,2,IS,252,M6
4504528,1447,2,ENGL,214,M24
4504528,1447,2,GS,112,M10
4504528,1447,2,IS,242,M2
4504528,1447,2,IS,244,M18
4504528,1447,2,IS,252,M4
4504568,1447,2,ENGL,214,M22
4504568,1447,2,GS,112,M9
4504568,1447,2,IS,242,M4
4504568,1447,2,IS,244,M6
4504568,1447,2,IS,252,M6
4504590,1447,2,ENGL,104,M8
4504590,1447,2,GS,303,M11
4504590,1447,2,IS,102,M1
4504590,1447,2,IS,251,M3
4504590,1447,2,MATH,206,M2
4504572,1447,2,ENGL,214,M23
4504572,1447,2,IS,242,M4
4504572,1447,2,IS,244,M6
4504572,1447,2,IS,252,M6
4504572,1447,2,MATH,206,M2
4504637,1447,2,ENGL,214,M22
4504637,1447,2,GS,112,M9
4504637,1447,2,IS,242,M3
4504637,1447,2,IS,244,M4
4504637,1447,2,IS,252,M4
3551131,1447,2,CS,284,M4
3551131,1447,2,MATH,101,M7
3551131,1447,2,PHYS,104,M13
3703945,1447,2,CS,492,M95
3614396,1447,2,CS,424,M1
3614396,1447,2,MATH,320,M10
3614396,1447,2,PHYS,104,M14
3901786,1447,2,COE,224,M4
3901786,1447,2,CS,487,M1
3901786,1447,2,CS,492,M92
3901786,1447,2,MATH,204,M30
3901786,1447,2,PHYS,104,M13
3902539,1447,2,PHYS,104,M15
3928599,1447,2,CS,491,M11
3928599,1447,2,MATH,320,M10
3904908,1447,2,CS,112,M8
3904908,1447,2,ENGL,214,M3
4000003,1447,2,CHEM,101,M3
4000003,1447,2,CS,424,M1
4000003,1447,2,CS,491,M14
4000003,1447,2,PHYS,101,M15
4000773,1447,2,COE,332,M5
4000773,1447,2,MATH,243,M3
4000773,1447,2,PHYS,104,M15
4002332,1447,2,COE,224,M3
4002332,1447,2,CS,372,M4
4002332,1447,2,EDIS,311,M1
4002332,1447,2,MATH,243,M3
4001331,1447,2,CS,112,M39
4001331,1447,2,CS,403,M1
4001331,1447,2,CS,487,M1
4001331,1447,2,MATH,243,M4
4002487,1447,2,CS,424,M4
4002658,1447,2,MATH,204,M30
4002658,1447,2,MATH,320,M10
4003028,1447,2,CS,211,M3
4003028,1447,2,CS,487,M1
4003028,1447,2,GS,315,M1
4003028,1447,2,MATH,243,M1
4003130,1447,2,MATH,204,M30
4028446,1447,2,CS,403,M1
4029092,1447,2,BIOL,101,M5
4029092,1447,2,CHEM,101,M3
4029092,1447,2,CS,492,M94
4029092,1447,2,IS,482,M1
4029092,1447,2,PHYS,104,M15
4100123,1447,2,COE,332,M1
4100123,1447,2,CS,487,M1
4100123,1447,2,MATH,204,M30
4100123,1447,2,MATH,243,M4
4100123,1447,2,PHYS,104,M14
4100166,1447,2,COE,332,M1
4100166,1447,2,CS,424,M1
4100166,1447,2,MATH,204,M9
4100166,1447,2,PHYS,104,M15
4100237,1447,2,CS,424,M1
4100237,1447,2,CS,487,M2
4100237,1447,2,CS,492,M101
4100237,1447,2,ENV,101,M1
4100237,1447,2,MATH,320,M10
4100546,1447,2,CS,284,M3
4100546,1447,2,CS,424,M2
4100546,1447,2,CS,463,M2
4100546,1447,2,CS,487,M2
4101013,1447,2,CS,424,M4
4101013,1447,2,CS,492,M100
4101013,1447,2,MATH,204,M30
4101013,1447,2,MATH,320,M17
4101057,1447,2,COE,332,M4
4101057,1447,2,CS,284,M3
4101057,1447,2,CS,362,M2
4101057,1447,2,CS,403,M2
4101057,1447,2,CS,487,M1
4101290,1447,2,STAT,301,M6
4101294,1447,2,CS,424,M1
4101294,1447,2,CS,487,M2
4101294,1447,2,CS,492,M95
4101294,1447,2,PHYS,104,M15
4101915,1447,2,CS,492,M94
4101342,1447,2,COE,224,M7
4101342,1447,2,CS,284,M4
4101342,1447,2,CS,362,M2
4101342,1447,2,CS,372,M4
4101342,1447,2,EDIS,311,M1
4102414,1447,2,CS,403,M1
4102555,1447,2,CS,403,M2
4102655,1447,2,COE,332,M3
4102655,1447,2,CS,372,M1
4102655,1447,2,MATH,204,M30
4102824,1447,2,CS,487,M2
4102824,1447,2,CS,492,M95
4102824,1447,2,MATH,243,M3
4102824,1447,2,PHYS,104,M15
4102768,1447,2,CS,424,M3
4102768,1447,2,CS,492,M99
4103967,1447,2,MATH,320,M10
4104514,1447,2,CS,211,M3
4104514,1447,2,CS,487,M1
4104541,1447,2,COE,224,M8
4104541,1447,2,CS,487,M2
4104759,1447,2,CS,112,M8
4104759,1447,2,ENGL,214,M1
4104759,1447,2,ENV,101,M1
4104759,1447,2,MATH,204,M9
4105027,1447,2,CS,372,M1
4105027,1447,2,CS,424,M3
4105027,1447,2,CS,491,M11
4105027,1447,2,ENGL,214,M3
4105358,1447,2,COE,224,M4
4105358,1447,2,EDPA,315,M1
4105358,1447,2,GS,303,M10
4105358,1447,2,MATH,204,M30
4105321,1447,2,COE,332,M3
4105321,1447,2,CS,362,M1
4105321,1447,2,CS,372,M1
4105321,1447,2,ENGL,214,M1
4105385,1447,2,COE,224,M2
4105385,1447,2,CS,112,M7
4105385,1447,2,ENGL,214,M1
4105385,1447,2,MATH,243,M2
4105556,1447,2,MATH,320,M10
4105556,1447,2,STAT,301,M7
4106208,1447,2,COE,332,M4
4106208,1447,2,CS,112,M8
4106208,1447,2,CS,362,M1
4106208,1447,2,MATH,203,M7
4105617,1447,2,MATH,320,M10
4106149,1447,2,COE,332,M1
4106149,1447,2,CS,362,M1
4106149,1447,2,CS,491,M17
4106149,1447,2,IS,482,M3
4106149,1447,2,STAT,301,M10
4106287,1447,2,STAT,301,M6
4106474,1447,2,MATH,243,M2
4106474,1447,2,MATH,320,M10
4106474,1447,2,STAT,301,M7
4106495,1447,2,COE,332,M4
4106495,1447,2,CS,424,M1
4106495,1447,2,CS,491,M11
4106914,1447,2,CS,362,M2
4106914,1447,2,CS,424,M1
4106914,1447,2,CS,487,M2
4106914,1447,2,PHYS,104,M15
4106915,1447,2,BIOL,101,M6
4106915,1447,2,CS,403,M2
4106915,1447,2,CS,424,M2
4106915,1447,2,CS,487,M1
4106915,1447,2,CS,491,M10
4106915,1447,2,PHYS,104,M14
4107014,1447,2,CS,211,M3
4107014,1447,2,CS,403,M1
4107014,1447,2,CS,487,M1
4107014,1447,2,MATH,204,M8
4107014,1447,2,PHYS,104,M15
4107148,1447,2,CS,112,M7
4107148,1447,2,CS,284,M1
4107154,1447,2,CS,112,M7
4107154,1447,2,CS,284,M1
4107154,1447,2,GS,103,M5
4107154,1447,2,PHYS,104,M15
4107532,1447,2,ENGL,214,M1
4107532,1447,2,MATH,204,M9
4107628,1447,2,CS,492,M94
4107667,1447,2,CS,492,M91
4107847,1447,2,COE,224,M8
4107847,1447,2,MATH,204,M30
4107847,1447,2,PHYS,104,M16
4107907,1447,2,COE,332,M1
4107907,1447,2,CS,403,M1
4107907,1447,2,CS,424,M1
4108336,1447,2,CS,284,M3
4108336,1447,2,EDPA,315,M1
4108423,1447,2,CS,463,M2
4108423,1447,2,CS,492,M99
4108518,1447,2,COE,332,M3
4108518,1447,2,CS,403,M2
4108518,1447,2,CS,424,M2
4108518,1447,2,CS,491,M10
4108818,1447,2,CS,492,M101
4200002,1447,2,CS,362,M2
4200002,1447,2,CS,372,M1
4200002,1447,2,CS,403,M2
4200002,1447,2,CS,487,M2
4200002,1447,2,ENGL,214,M1
4200047,1447,2,COE,332,M2
4200047,1447,2,CS,372,M2
4200168,1447,2,CS,492,M95
4200226,1447,2,CS,424,M2
4200226,1447,2,CS,492,M100
4200226,1447,2,ENGL,214,M2
4200226,1447,2,MATH,204,M8
4200226,1447,2,PHYS,104,M14
4200374,1447,2,CS,362,M1
4200374,1447,2,CS,492,M101
4200472,1447,2,MATH,243,M3
4200472,1447,2,PHYS,104,M16
4200493,1447,2,COE,332,M4
4200493,1447,2,CS,463,M2
4200493,1447,2,CS,487,M1
4200493,1447,2,MATH,204,M30
4200506,1447,2,COE,332,M2
4200506,1447,2,CS,424,M2
4200506,1447,2,CS,491,M11
4200522,1447,2,COE,332,M1
4200522,1447,2,CS,424,M1
4200522,1447,2,CS,491,M10
4200522,1447,2,MATH,243,M2
4200679,1447,2,CS,284,M3
4200679,1447,2,CS,403,M2
4200679,1447,2,CS,491,M11
4200539,1447,2,COE,224,M2
4200539,1447,2,CS,284,M3
4200539,1447,2,MATH,204,M30
4200539,1447,2,PHYS,104,M14
4200754,1447,2,CS,284,M1
4200971,1447,2,COE,224,M8
4200971,1447,2,CS,112,M38
4200971,1447,2,MATH,243,M1
4200971,1447,2,PHYS,104,M15
4200988,1447,2,CS,487,M2
4200988,1447,2,MATH,320,M10
4200988,1447,2,STAT,301,M7
4201082,1447,2,COE,332,M4
4201082,1447,2,CS,424,M3
4201082,1447,2,CS,487,M1
4201082,1447,2,CS,491,M10
4201248,1447,2,COE,332,M1
4201248,1447,2,CS,362,M1
4201248,1447,2,CS,424,M4
4201248,1447,2,CS,487,M2
4201248,1447,2,MATH,204,M30
4201283,1447,2,CS,284,M3
4201283,1447,2,CS,424,M4
4201283,1447,2,CS,487,M2
4201283,1447,2,MATH,204,M30
4201336,1447,2,CS,492,M92
4201336,1447,2,EDIS,311,M1
4201347,1447,2,CS,424,M1
4201347,1447,2,CS,492,M99
4201347,1447,2,GS,243,M5
4201444,1447,2,CS,403,M1
4201444,1447,2,CS,424,M2
4201444,1447,2,CS,492,M95
4201444,1447,2,EDIS,413,M1
4201444,1447,2,PHYS,104,M14
4201453,1447,2,CS,403,M2
4201453,1447,2,CS,424,M2
4201453,1447,2,CS,492,M95
4201539,1447,2,CS,487,M2
4201731,1447,2,CS,362,M1
4201731,1447,2,CS,372,M1
4201731,1447,2,CS,403,M1
4201731,1447,2,CS,487,M1
4201731,1447,2,GS,134,M6
4202030,1447,2,CS,403,M2
4202030,1447,2,CS,424,M4
4202030,1447,2,CS,492,M94
4202030,1447,2,GS,134,M6
4202053,1447,2,COE,332,M4
4202053,1447,2,CS,372,M4
4202053,1447,2,CS,424,M3
4202086,1447,2,CS,112,M8
4202086,1447,2,CS,284,M2
4202170,1447,2,COE,332,M3
4202170,1447,2,CS,424,M2
4202170,1447,2,CS,491,M10
4202276,1447,2,COE,332,M4
4202276,1447,2,CS,372,M4
4202276,1447,2,CS,424,M2
4202276,1447,2,MATH,204,M8
4202303,1447,2,CS,362,M1
4202303,1447,2,CS,372,M2
4203149,1447,2,CS,112,M39
4203149,1447,2,CS,284,M3
4203149,1447,2,PHYS,104,M16
4203390,1447,2,CS,424,M2
4203390,1447,2,CS,463,M2
4203390,1447,2,CS,492,M91
4203390,1447,2,MATH,320,M10
4203390,1447,2,STAT,301,M7
4203461,1447,2,COE,224,M4
4203461,1447,2,CS,112,M36
4203461,1447,2,CS,487,M1
4203475,1447,2,CS,424,M3
4203475,1447,2,CS,487,M1
4203475,1447,2,CS,492,M100
4203475,1447,2,EDCT,416,M28
4203495,1447,2,COE,332,M3
4203495,1447,2,CS,403,M2
4203495,1447,2,CS,424,M2
4203495,1447,2,CS,491,M17
4203495,1447,2,MATH,204,M8
4203495,1447,2,PHYS,104,M14
4203625,1447,2,COE,332,M2
4203625,1447,2,CS,372,M2
4203625,1447,2,CS,487,M1
4203625,1447,2,CS,491,M11
4203706,1447,2,STAT,301,M6
4203725,1447,2,COE,224,M3
4203725,1447,2,CS,284,M3
4203725,1447,2,CS,403,M1
4203725,1447,2,CS,487,M1
4204066,1447,2,COE,332,M3
4204066,1447,2,CS,362,M2
4204066,1447,2,CS,372,M1
4204099,1447,2,CS,424,M1
4204099,1447,2,PHYS,103,M5
4204165,1447,2,CS,403,M1
4204165,1447,2,CS,463,M2
4204185,1447,2,COE,332,M2
4204185,1447,2,CS,372,M2
4204185,1447,2,CS,403,M1
4204185,1447,2,CS,424,M3
4204217,1447,2,CS,487,M1
4204217,1447,2,ENG,102,M15
4204217,1447,2,GS,134,M6
4204188,1447,2,CS,284,M3
4204188,1447,2,CS,362,M2
4204188,1447,2,CS,372,M4
4204188,1447,2,MATH,243,M3
4204188,1447,2,PHYS,104,M14
4205156,1447,2,CS,284,M4
4205156,1447,2,CS,487,M1
4205169,1447,2,COE,224,M2
4205169,1447,2,CS,284,M3
4205169,1447,2,CS,403,M2
4205169,1447,2,CS,487,M2
4205291,1447,2,CS,112,M36
4205291,1447,2,ENV,101,M2
4205291,1447,2,MATH,204,M6
4205291,1447,2,PHYS,104,M13
4205269,1447,2,COE,224,M3
4205269,1447,2,CS,372,M4
4205269,1447,2,CS,487,M2
4205269,1447,2,ENGL,214,M2
4205317,1447,2,COE,224,M8
4205317,1447,2,CS,112,M8
4205317,1447,2,CS,284,M1
4205317,1447,2,GS,103,M5
4205436,1447,2,ENGL,214,M1
4205436,1447,2,MATH,203,M7
4205436,1447,2,PHYS,104,M13
4205474,1447,2,CS,211,M3
4205474,1447,2,CS,487,M1
4205513,1447,2,CS,424,M3
4205513,1447,2,CS,463,M2
4205513,1447,2,CS,487,M1
4205513,1447,2,CS,492,M92
4205513,1447,2,GS,134,M6
4205621,1447,2,CS,487,M1
4205621,1447,2,MATH,204,M30
4205621,1447,2,PHYS,104,M13
4205722,1447,2,CS,362,M1
4205722,1447,2,CS,372,M1
4205722,1447,2,CS,403,M1
4205722,1447,2,CS,487,M1
4205722,1447,2,GS,303,M11
4205808,1447,2,COE,332,M2
4205808,1447,2,CS,372,M4
4205808,1447,2,EDIS,311,M1
4205808,1447,2,PHYS,104,M15
4205819,1447,2,CS,424,M1
4205819,1447,2,CS,463,M2
4205819,1447,2,CS,487,M2
4205819,1447,2,CS,492,M100
4205869,1447,2,COE,332,M1
4205869,1447,2,CS,403,M2
4205869,1447,2,CS,424,M1
4205869,1447,2,MATH,203,M1
4205875,1447,2,CS,112,M8
4205875,1447,2,CS,372,M4
4205875,1447,2,EDIS,311,M1
4205875,1447,2,MATH,204,M6
4206077,1447,2,ENGL,104,M6
4206077,1447,2,MATH,203,M1
4206077,1447,2,MATH,243,M4
4205923,1447,2,COE,332,M4
4205923,1447,2,CS,403,M1
4205923,1447,2,CS,424,M3
4205923,1447,2,CS,463,M2
4205923,1447,2,CS,492,M114
4206109,1447,2,COE,224,M2
4206109,1447,2,CS,112,M7
4206109,1447,2,GS,303,M10
4206109,1447,2,MATH,204,M8
4206109,1447,2,PHYS,104,M15
4206180,1447,2,CS,403,M2
4206180,1447,2,CS,424,M2
4206206,1447,2,CS,463,M2
4206206,1447,2,CS,487,M1
4206181,1447,2,CS,463,M2
4206181,1447,2,CS,487,M2
4206181,1447,2,ENV,101,M2
4300031,1447,2,CS,424,M4
4300031,1447,2,CS,487,M2
4300031,1447,2,CS,492,M91
4300031,1447,2,ENV,101,M1
4300031,1447,2,GS,134,M6
4300199,1447,2,CS,403,M2
4300199,1447,2,CS,424,M4
4300199,1447,2,CS,492,M100
4300199,1447,2,PHYS,104,M13
4300428,1447,2,CHEM,101,M2
4300428,1447,2,CS,362,M2
4300428,1447,2,CS,372,M2
4300428,1447,2,GS,103,M39
4300428,1447,2,MATH,243,M4
4300428,1447,2,PHYS,104,M14
4300491,1447,2,CS,284,M3
4300491,1447,2,CS,403,M2
4300491,1447,2,CS,424,M2
4300491,1447,2,CS,463,M2
4300491,1447,2,CS,492,M101
4300562,1447,2,COE,332,M3
4300562,1447,2,CS,424,M3
4300562,1447,2,CS,491,M17
4300562,1447,2,EDIS,311,M1
4300562,1447,2,GS,134,M6
4300593,1447,2,CS,403,M1
4300593,1447,2,CS,424,M3
4300593,1447,2,CS,487,M1
4300593,1447,2,CS,492,M92
4300995,1447,2,CS,424,M3
4300995,1447,2,CS,487,M1
4300995,1447,2,CS,492,M92
4300995,1447,2,GS,134,M6
4300620,1447,2,COE,332,M3
4300620,1447,2,CS,424,M3
4300620,1447,2,CS,463,M2
4300620,1447,2,CS,491,M17
4300620,1447,2,ENV,101,M3
4300620,1447,2,GS,134,M6
4301089,1447,2,CS,424,M2
4301089,1447,2,CS,463,M2
4301089,1447,2,CS,487,M2
4301089,1447,2,CS,492,M101
4301089,1447,2,MATH,204,M8
4301089,1447,2,MATH,320,M10
4301166,1447,2,COE,332,M2
4301166,1447,2,CS,362,M1
4301166,1447,2,CS,372,M2
4301166,1447,2,CS,487,M2
4301166,1447,2,MATH,204,M30
4301534,1447,2,CS,424,M3
4301534,1447,2,CS,463,M2
4301534,1447,2,CS,487,M1
4301534,1447,2,CS,492,M92
4301534,1447,2,GS,134,M6
4301651,1447,2,COE,332,M3
4301651,1447,2,CS,403,M2
4301651,1447,2,CS,424,M1
4301651,1447,2,CS,487,M2
4301651,1447,2,CS,491,M14
4301734,1447,2,COE,224,M4
4301734,1447,2,EDIS,311,M1
4301734,1447,2,MATH,204,M30
4301734,1447,2,MATH,243,M4
4302112,1447,2,CS,112,M8
4302112,1447,2,MATH,203,M11
4302112,1447,2,MATH,243,M1
4302112,1447,2,STAT,301,M7
4302124,1447,2,CS,424,M3
4302124,1447,2,CS,463,M2
4302124,1447,2,CS,487,M1
4302124,1447,2,CS,492,M91
4302154,1447,2,CS,362,M2
4302154,1447,2,CS,372,M4
4302154,1447,2,CS,487,M2
4302154,1447,2,ENV,101,M2
4302154,1447,2,MATH,204,M30
4302292,1447,2,CS,403,M2
4302292,1447,2,CS,424,M4
4302292,1447,2,CS,492,M94
4302292,1447,2,MATH,204,M30
4302292,1447,2,MATH,320,M17
4302263,1447,2,CS,403,M2
4302263,1447,2,CS,424,M4
4302263,1447,2,CS,463,M2
4302263,1447,2,CS,492,M93
4302321,1447,2,CS,403,M2
4302321,1447,2,CS,424,M4
4302321,1447,2,CS,463,M2
4302321,1447,2,CS,487,M2
4302321,1447,2,CS,492,M93
4302389,1447,2,COE,332,M2
4302389,1447,2,CS,362,M2
4302389,1447,2,CS,487,M1
4302389,1447,2,PHYS,104,M13
4302451,1447,2,CS,403,M1
4302451,1447,2,CS,424,M1
4302451,1447,2,CS,463,M2
4302451,1447,2,CS,487,M1
4302451,1447,2,CS,492,M95
4302451,1447,2,GS,134,M6
4302446,1447,2,CS,424,M4
4302446,1447,2,CS,492,M91
4302446,1447,2,EDIS,413,M1
4302446,1447,2,ENV,101,M1
4302446,1447,2,GS,134,M6
4302453,1447,2,CS,362,M1
4302453,1447,2,CS,372,M2
4302453,1447,2,CS,487,M2
4302453,1447,2,MATH,204,M30
4302464,1447,2,COE,332,M1
4302464,1447,2,CS,362,M1
4302464,1447,2,ENGL,214,M2
4302472,1447,2,COE,332,M3
4302472,1447,2,CS,424,M2
4302472,1447,2,CS,487,M2
4302472,1447,2,CS,491,M14
4302472,1447,2,MATH,204,M8
4302484,1447,2,CS,112,M39
4302484,1447,2,CS,487,M2
4302484,1447,2,ENGL,214,M6
4302484,1447,2,PHYS,104,M16
4302646,1447,2,CS,424,M4
4302646,1447,2,CS,463,M2
4302646,1447,2,CS,487,M2
4302646,1447,2,CS,492,M91
4302762,1447,2,COE,332,M3
4302762,1447,2,CS,424,M3
4302762,1447,2,CS,491,M14
4302785,1447,2,COE,332,M3
4302785,1447,2,CS,424,M2
4302785,1447,2,CS,491,M17
4302785,1447,2,GS,134,M6
4302785,1447,2,MATH,204,M8
4302785,1447,2,PHYS,104,M13
4302968,1447,2,CS,403,M2
4302968,1447,2,CS,424,M4
4302968,1447,2,CS,463,M2
4302968,1447,2,CS,492,M100
4303002,1447,2,CS,403,M1
4303002,1447,2,CS,424,M3
4303002,1447,2,CS,463,M2
4303002,1447,2,CS,492,M99
4303002,1447,2,GS,303,M11
4303015,1447,2,CS,424,M4
4303015,1447,2,CS,487,M2
4303015,1447,2,CS,492,M100
4303015,1447,2,EDIS,413,M1
4303015,1447,2,GS,134,M6
4303030,1447,2,COE,332,M4
4303030,1447,2,CS,362,M2
4303030,1447,2,CS,372,M4
4303030,1447,2,MATH,204,M30
4303030,1447,2,PHYS,104,M14
4303056,1447,2,CS,403,M1
4303056,1447,2,CS,424,M3
4303056,1447,2,CS,463,M2
4303056,1447,2,CS,492,M99
4303056,1447,2,GS,303,M11
4303062,1447,2,CS,403,M2
4303062,1447,2,CS,424,M4
4303062,1447,2,CS,463,M2
4303062,1447,2,CS,487,M2
4303062,1447,2,CS,492,M94
4303062,1447,2,MATH,320,M17
4303098,1447,2,CS,424,M1
4303098,1447,2,CS,463,M2
4303098,1447,2,CS,487,M2
4303098,1447,2,CS,492,M93
4303098,1447,2,EDIS,413,M1
4303098,1447,2,GS,134,M6
4303098,1447,2,MATH,320,M17
4303112,1447,2,CS,403,M1
4303112,1447,2,CS,424,M3
4303112,1447,2,CS,492,M94
4303149,1447,2,COE,332,M3
4303149,1447,2,CS,424,M3
4303149,1447,2,CS,463,M2
4303149,1447,2,CS,491,M17
4303149,1447,2,GS,134,M6
4303207,1447,2,CS,424,M4
4303207,1447,2,CS,492,M93
4303207,1447,2,GS,134,M6
4303276,1447,2,COE,224,M8
4303276,1447,2,CS,403,M1
4303337,1447,2,CS,372,M4
4303337,1447,2,CS,424,M2
4303337,1447,2,CS,491,M17
4303337,1447,2,GS,134,M6
4303338,1447,2,COE,224,M2
4303338,1447,2,CS,112,M39
4303338,1447,2,CS,487,M2
4303338,1447,2,MATH,204,M8
4303353,1447,2,COE,332,M1
4303353,1447,2,CS,424,M3
4303353,1447,2,CS,487,M1
4303353,1447,2,CS,491,M10
4303353,1447,2,MATH,204,M8
4303398,1447,2,CS,424,M4
4303398,1447,2,CS,463,M2
4303398,1447,2,CS,492,M93
4303398,1447,2,PHYS,104,M13
4303461,1447,2,CS,403,M1
4303461,1447,2,CS,424,M3
4303461,1447,2,CS,463,M2
4303461,1447,2,CS,487,M1
4303461,1447,2,CS,492,M95
4303430,1447,2,CS,403,M2
4303430,1447,2,CS,424,M4
4303430,1447,2,CS,463,M2
4303430,1447,2,CS,492,M93
4303514,1447,2,CS,403,M1
4303514,1447,2,CS,424,M3
4303514,1447,2,CS,463,M2
4303514,1447,2,CS,487,M1
4303514,1447,2,CS,492,M92
4303525,1447,2,COE,332,M3
4303525,1447,2,CS,424,M2
4303525,1447,2,CS,487,M2
4303525,1447,2,IS,482,M1
4303597,1447,2,CS,403,M2
4303597,1447,2,CS,424,M4
4303597,1447,2,CS,492,M94
4303597,1447,2,MATH,204,M30
4303599,1447,2,COE,332,M3
4303599,1447,2,CS,463,M2
4303599,1447,2,CS,491,M14
4303599,1447,2,GS,134,M6
4303599,1447,2,MATH,204,M30
4303599,1447,2,PHYS,104,M13
4303617,1447,2,CS,424,M2
4303617,1447,2,CS,487,M1
4303617,1447,2,CS,492,M101
4303617,1447,2,GS,134,M6
4304033,1447,2,COE,332,M1
4304033,1447,2,CS,403,M2
4304033,1447,2,CS,424,M4
4304033,1447,2,CS,491,M10
4304033,1447,2,EDIS,311,M1
4304033,1447,2,MATH,204,M8
4304479,1447,2,CS,424,M3
4304479,1447,2,CS,463,M2
4304479,1447,2,CS,487,M1
4304479,1447,2,CS,492,M92
4304175,1447,2,CS,403,M2
4304175,1447,2,CS,424,M2
4304175,1447,2,CS,463,M2
4304175,1447,2,CS,492,M101
4304175,1447,2,GS,134,M6
4306261,1447,2,CS,487,M1
4306261,1447,2,ENG,102,M15
4306261,1447,2,MATH,243,M2
4306261,1447,2,ORNT,101,M7
4305144,1447,2,COE,224,M4
4305144,1447,2,CS,372,M4
4305144,1447,2,CS,403,M2
4307219,1447,2,COE,332,M1
4307219,1447,2,CS,424,M1
4307219,1447,2,CS,487,M2
4307219,1447,2,EDIS,413,M1
4307219,1447,2,ENV,101,M1
4306422,1447,2,COE,224,M3
4306422,1447,2,CS,284,M3
4306422,1447,2,ENGL,104,M6
4306422,1447,2,IS,482,M1
4306422,1447,2,PHYS,104,M13
4307229,1447,2,CS,424,M3
4307229,1447,2,CS,492,M91
4307234,1447,2,CS,424,M3
4307234,1447,2,CS,492,M99
4307234,1447,2,EDIS,311,M1
4307234,1447,2,ENV,101,M1
4307257,1447,2,COE,224,M2
4307257,1447,2,CS,362,M1
4307257,1447,2,CS,372,M2
4307257,1447,2,MATH,204,M30
4307618,1447,2,CS,424,M3
4307618,1447,2,CS,492,M101
4400085,1447,2,COE,332,M1
4400085,1447,2,CS,362,M2
4400085,1447,2,CS,372,M1
4400085,1447,2,GS,103,M39
4400438,1447,2,COE,332,M4
4400438,1447,2,CS,362,M1
4400438,1447,2,CS,372,M4
4400438,1447,2,EDIS,311,M1
4400438,1447,2,GS,103,M39
4400637,1447,2,COE,224,M4
4400637,1447,2,CS,362,M1
4400637,1447,2,CS,372,M4
4400637,1447,2,ENGL,214,M3
4400637,1447,2,PHYS,104,M13
4400451,1447,2,CS,284,M4
4400451,1447,2,GS,103,M5
4400451,1447,2,MATH,204,M8
4400451,1447,2,PHYS,104,M16
4400705,1447,2,COE,332,M2
4400705,1447,2,CS,362,M1
4400705,1447,2,CS,372,M2
4400705,1447,2,GS,103,M5
4400639,1447,2,COE,332,M1
4400639,1447,2,CS,362,M1
4400639,1447,2,CS,372,M1
4400639,1447,2,GS,103,M5
4400997,1447,2,COE,224,M4
4400997,1447,2,ENGL,214,M3
4400997,1447,2,MATH,204,M30
4400997,1447,2,PHYS,104,M14
4401155,1447,2,COE,332,M1
4401155,1447,2,CS,362,M1
4401155,1447,2,CS,372,M1
4401155,1447,2,EDIS,413,M1
4401155,1447,2,GS,104,M7
4401431,1447,2,COE,332,M1
4401431,1447,2,CS,362,M1
4401431,1447,2,CS,372,M1
4401431,1447,2,EDIS,311,M1
4401431,1447,2,GS,103,M5
4401439,1447,2,COE,332,M2
4401439,1447,2,CS,362,M2
4401439,1447,2,CS,372,M2
4401439,1447,2,EDIS,311,M1
4401439,1447,2,GS,103,M5
4401649,1447,2,COE,332,M1
4401649,1447,2,CS,362,M1
4401649,1447,2,CS,372,M1
4401649,1447,2,GS,103,M5
4401655,1447,2,COE,332,M2
4401655,1447,2,CS,424,M4
4401655,1447,2,CS,491,M11
4401655,1447,2,ENGL,214,M1
4401655,1447,2,ENV,101,M1
4401655,1447,2,PHYS,104,M14
4401813,1447,2,COE,224,M3
4401813,1447,2,CS,284,M3
4401813,1447,2,CS,362,M1
4401813,1447,2,CS,372,M4
4401830,1447,2,CS,362,M1
4401830,1447,2,CS,372,M2
4401830,1447,2,CS,403,M1
4401830,1447,2,CS,487,M2
4401830,1447,2,ENGL,214,M2
4401830,1447,2,ENV,101,M1
4402278,1447,2,COE,224,M4
4402278,1447,2,CS,284,M4
4402278,1447,2,ENGL,214,M3
4402278,1447,2,MATH,204,M9
4402278,1447,2,MATH,243,M4
4401854,1447,2,COE,332,M1
4401854,1447,2,CS,362,M1
4401854,1447,2,CS,372,M1
4401854,1447,2,GS,103,M5
4402434,1447,2,COE,224,M1
4402434,1447,2,CS,284,M3
4402434,1447,2,ENGL,214,M3
4402445,1447,2,COE,332,M1
4402445,1447,2,CS,362,M1
4402445,1447,2,CS,372,M1
4402445,1447,2,GS,103,M5
4402764,1447,2,COE,224,M2
4402764,1447,2,CS,284,M2
4402764,1447,2,GS,103,M4
4402764,1447,2,MATH,243,M3
4402678,1447,2,CS,112,M8
4402678,1447,2,CS,284,M4
4402678,1447,2,PHYS,104,M13
4402836,1447,2,COE,332,M3
4402836,1447,2,CS,362,M1
4402836,1447,2,CS,372,M1
4402836,1447,2,ENGL,214,M1
4402836,1447,2,ENV,101,M1
4402868,1447,2,COE,224,M4
4402868,1447,2,CS,112,M7
4402868,1447,2,CS,487,M1
4402868,1447,2,GS,103,M39
4402868,1447,2,PHYS,104,M15
4402921,1447,2,COE,224,M8
4402921,1447,2,ENGL,104,M6
4402921,1447,2,PHYS,104,M14
4403061,1447,2,COE,332,M3
4403061,1447,2,CS,362,M1
4403061,1447,2,CS,372,M2
4403061,1447,2,GS,104,M7
4403061,1447,2,GS,134,M6
4403093,1447,2,COE,332,M2
4403093,1447,2,CS,372,M2
4403093,1447,2,PHYS,104,M15
4403250,1447,2,COE,224,M4
4403250,1447,2,CS,362,M2
4403250,1447,2,CS,372,M4
4403250,1447,2,ENGL,214,M3
4403250,1447,2,GS,303,M10
4403376,1447,2,EDIS,413,M1
4403376,1447,2,GS,103,M39
4403376,1447,2,MATH,204,M8
4403376,1447,2,PHYS,103,M5
4403263,1447,2,COE,332,M2
4403263,1447,2,CS,362,M2
4403263,1447,2,CS,372,M2
4403263,1447,2,ENGL,214,M3
4403263,1447,2,GS,303,M10
4403421,1447,2,COE,332,M2
4403421,1447,2,CS,362,M1
4403421,1447,2,CS,372,M2
4403421,1447,2,ENV,101,M1
4403540,1447,2,COE,332,M1
4403540,1447,2,CS,362,M1
4403540,1447,2,CS,372,M1
4403540,1447,2,EDIS,311,M1
4403540,1447,2,GS,103,M5
4403577,1447,2,CHEM,101,M2
4403577,1447,2,COE,224,M6
4403577,1447,2,CS,112,M8
4403577,1447,2,ENGL,214,M1
4403577,1447,2,MATH,204,M12
4403628,1447,2,COE,332,M2
4403628,1447,2,CS,362,M1
4403628,1447,2,CS,372,M2
4403628,1447,2,EDIS,311,M1
4403628,1447,2,ENV,101,M1
4403667,1447,2,COE,332,M1
4403667,1447,2,CS,362,M1
4403667,1447,2,CS,372,M1
4403667,1447,2,EDPA,315,M1
4403667,1447,2,GS,103,M5
4403925,1447,2,COE,224,M4
4403925,1447,2,CS,284,M4
4403925,1447,2,CS,362,M2
4403925,1447,2,CS,372,M4
4403925,1447,2,ENV,101,M3
4404024,1447,2,BIOL,101,M6
4404024,1447,2,ISLM,203,M2
4404057,1447,2,BIOL,101,M6
4404057,1447,2,COE,224,M8
4404057,1447,2,CS,112,M8
4404057,1447,2,ENGL,214,M3
4404417,1447,2,COE,332,M1
4404417,1447,2,CS,362,M1
4404417,1447,2,CS,372,M1
4404417,1447,2,GS,103,M5
4404600,1447,2,COE,332,M2
4404600,1447,2,CS,362,M1
4404600,1447,2,CS,372,M2
4404600,1447,2,EDPA,315,M1
4404600,1447,2,ENV,101,M1
4404911,1447,2,COE,332,M3
4404911,1447,2,CS,362,M1
4404911,1447,2,CS,372,M2
4404911,1447,2,GS,303,M10
4404921,1447,2,COE,224,M4
4404921,1447,2,CS,284,M4
4404921,1447,2,GS,134,M6
4404921,1447,2,MATH,204,M9
4404921,1447,2,PHYS,104,M16
4405017,1447,2,COE,332,M2
4405017,1447,2,CS,362,M2
4405017,1447,2,CS,372,M2
4405017,1447,2,EDIS,311,M1
4405017,1447,2,GS,103,M39
4405017,1447,2,MATH,204,M30
4405132,1447,2,COE,332,M3
4405132,1447,2,CS,362,M1
4405132,1447,2,CS,372,M1
4405132,1447,2,EDIS,311,M1
4405132,1447,2,GS,134,M6
4405296,1447,2,COE,224,M2
4405296,1447,2,GS,103,M39
4405296,1447,2,GS,134,M6
4405296,1447,2,MATH,243,M3
4405296,1447,2,PHYS,104,M14
4405334,1447,2,COE,332,M1
4405334,1447,2,CS,362,M1
4405334,1447,2,CS,372,M1
4405334,1447,2,EDIS,311,M1
4405334,1447,2,GS,103,M5
4405472,1447,2,COE,224,M3
4405472,1447,2,CS,362,M2
4405472,1447,2,CS,487,M1
4405472,1447,2,MATH,204,M8
4405716,1447,2,COE,224,M4
4405716,1447,2,CS,362,M2
4405716,1447,2,CS,372,M4
4405716,1447,2,EDIS,413,M1
4405716,1447,2,PHYS,104,M13
4405774,1447,2,COE,224,M4
4405774,1447,2,CS,284,M1
4405774,1447,2,CS,487,M2
4405945,1447,2,CS,211,M3
4405945,1447,2,CS,487,M2
4405945,1447,2,ENGL,214,M2
4405945,1447,2,ENV,101,M2
4405945,1447,2,MATH,203,M7
4405975,1447,2,COE,332,M2
4405975,1447,2,CS,372,M2
4405975,1447,2,CS,487,M2
4405975,1447,2,ENV,101,M1
4405975,1447,2,GS,103,M5
4420080,1447,2,CS,424,M2
4420080,1447,2,CS,463,M2
4420080,1447,2,CS,487,M2
4420080,1447,2,CS,492,M99
4420080,1447,2,PHYS,104,M16
4420011,1447,2,CS,112,M7
4420011,1447,2,CS,284,M3
4420011,1447,2,ENGL,214,M3
4420011,1447,2,GS,103,M5
4420011,1447,2,MATH,101,M6
4420121,1447,2,COE,224,M1
4420121,1447,2,CS,284,M1
4420121,1447,2,ENGL,214,M1
4420121,1447,2,ENV,101,M3
4420121,1447,2,GS,134,M6
4420603,1447,2,COE,224,M3
4420603,1447,2,CS,112,M36
4420603,1447,2,ENGL,214,M23
4420603,1447,2,GS,103,M5
4420603,1447,2,MATH,204,M6
4420644,1447,2,CS,112,M8
4420643,1447,2,ENGL,104,M6
4420643,1447,2,ENV,101,M2
4420643,1447,2,GS,103,M39
4420643,1447,2,PHYS,104,M15
4420687,1447,2,CS,403,M2
4420687,1447,2,CS,424,M4
4420687,1447,2,CS,463,M2
4420687,1447,2,CS,492,M100
4420687,1447,2,GS,303,M10
4420687,1447,2,PHYS,104,M13
4420705,1447,2,COE,224,M3
4420705,1447,2,CS,362,M2
4420705,1447,2,CS,372,M1
4420705,1447,2,GS,103,M5
4420705,1447,2,PHYS,104,M13
4421064,1447,2,CS,424,M1
4421064,1447,2,CS,487,M2
4421064,1447,2,CS,492,M99
4421064,1447,2,ENGL,104,M6
4421064,1447,2,PHYS,104,M15
4420997,1447,2,COE,224,M4
4420997,1447,2,CS,362,M2
4420997,1447,2,CS,372,M4
4420997,1447,2,MATH,243,M4
4420997,1447,2,PHYS,104,M13
4421071,1447,2,CS,424,M1
4421071,1447,2,CS,463,M2
4421071,1447,2,CS,487,M2
4421071,1447,2,CS,491,M14
4421071,1447,2,PHYS,104,M16
4421581,1447,2,COE,332,M1
4421581,1447,2,CS,362,M1
4421581,1447,2,CS,372,M1
4421581,1447,2,CS,487,M2
4421581,1447,2,ENV,101,M1
4500030,1447,2,CS,112,M36
4500030,1447,2,ENGL,214,M2
4500030,1447,2,ENV,101,M2
4500030,1447,2,MATH,204,M8
4500030,1447,2,PHYS,104,M14
4471397,1447,2,CS,362,M2
4471397,1447,2,CS,372,M1
4471397,1447,2,CS,403,M2
4471397,1447,2,CS,487,M2
4471397,1447,2,ENGL,104,M6
4471397,1447,2,ENV,101,M1
4500061,1447,2,COE,224,M1
4500061,1447,2,CS,284,M1
4500061,1447,2,ENGL,214,M1
4500061,1447,2,ENV,101,M3
4500061,1447,2,GS,134,M6
4500111,1447,2,ENGL,104,M6
4500111,1447,2,GS,112,M8
4500154,1447,2,COE,224,M3
4500154,1447,2,CS,284,M3
4500154,1447,2,ENGL,104,M6
4500154,1447,2,GS,103,M39
4500154,1447,2,PHYS,104,M13
4500245,1447,2,CS,112,M7
4500245,1447,2,ENGL,214,M2
4500245,1447,2,GS,134,M6
4500245,1447,2,MATH,204,M9
4500245,1447,2,PHYS,104,M16
4500251,1447,2,COE,224,M3
4500251,1447,2,ENGL,104,M6
4500251,1447,2,ENV,101,M3
4500251,1447,2,GS,103,M5
4500251,1447,2,MATH,204,M8
4500285,1447,2,COE,224,M1
4500285,1447,2,CS,284,M1
4500285,1447,2,ENGL,214,M1
4500285,1447,2,ENV,101,M3
4500285,1447,2,GS,134,M6
4500321,1447,2,COE,224,M3
4500321,1447,2,CS,372,M1
4500321,1447,2,ENGL,214,M3
4500321,1447,2,GS,103,M39
4500321,1447,2,GS,134,M6
4500321,1447,2,MATH,204,M9
4500293,1447,2,COE,224,M1
4500293,1447,2,CS,284,M1
4500293,1447,2,ENGL,214,M3
4500293,1447,2,ENV,101,M2
4500354,1447,2,COE,224,M2
4500354,1447,2,CS,284,M4
4500354,1447,2,EDIS,413,M1
4500354,1447,2,ENGL,214,M2
4500354,1447,2,ENV,101,M3
4500354,1447,2,MATH,204,M8
4500386,1447,2,COE,224,M1
4500386,1447,2,CS,284,M1
4500386,1447,2,ENGL,214,M1
4500386,1447,2,ENV,101,M3
4500555,1447,2,COE,224,M1
4500555,1447,2,CS,284,M4
4500555,1447,2,ENGL,214,M2
4500555,1447,2,ENV,101,M3
4500530,1447,2,COE,224,M1
4500530,1447,2,CS,284,M1
4500530,1447,2,ENGL,214,M1
4500530,1447,2,ENV,101,M3
4500530,1447,2,GS,103,M39
4500484,1447,2,COE,224,M1
4500484,1447,2,CS,284,M4
4500484,1447,2,ENGL,214,M2
4500484,1447,2,ENV,101,M3
4500644,1447,2,COE,224,M3
4500644,1447,2,CS,284,M3
4500644,1447,2,ENGL,104,M6
4500644,1447,2,ENV,101,M3
4500644,1447,2,GS,134,M6
4500661,1447,2,CS,112,M8
4500661,1447,2,ENGL,104,M6
4500661,1447,2,GS,112,M8
4500661,1447,2,MATH,204,M30
4500661,1447,2,PHYS,104,M13
4500653,1447,2,COE,224,M3
4500653,1447,2,CS,284,M2
4500653,1447,2,ENGL,214,M2
4500653,1447,2,ENV,101,M3
4500653,1447,2,GS,103,M39
4500653,1447,2,MATH,204,M8
4500717,1447,2,COE,224,M4
4500717,1447,2,CS,284,M4
4500717,1447,2,EDIS,311,M1
4500717,1447,2,ENGL,214,M3
4500717,1447,2,ENV,101,M3
4500743,1447,2,COE,224,M2
4500743,1447,2,CS,284,M4
4500743,1447,2,EDIS,413,M1
4500743,1447,2,ENGL,214,M2
4500743,1447,2,ENV,101,M3
4500775,1447,2,COE,224,M2
4500775,1447,2,CS,284,M2
4500775,1447,2,ENGL,214,M2
4500775,1447,2,ENV,101,M2
4500775,1447,2,ISLM,203,M2
4501033,1447,2,COE,224,M2
4501033,1447,2,CS,284,M2
4501033,1447,2,ENGL,214,M2
4501033,1447,2,ENV,101,M3
4501046,1447,2,COE,224,M4
4501046,1447,2,CS,284,M2
4501046,1447,2,ENGL,214,M7
4501046,1447,2,ENV,101,M1
4501046,1447,2,GS,103,M39
4501046,1447,2,GS,303,M10
4501064,1447,2,COE,224,M2
4501064,1447,2,CS,284,M2
4501064,1447,2,ENGL,214,M2
4501064,1447,2,ENV,101,M3
4501073,1447,2,COE,224,M8
4501073,1447,2,ENGL,104,M6
4501073,1447,2,ENV,101,M1
4501073,1447,2,MATH,204,M30
4501114,1447,2,CS,112,M8
4501114,1447,2,ENGL,104,M6
4501114,1447,2,ENV,101,M2
4501114,1447,2,GS,112,M8
4501114,1447,2,MATH,204,M30
4501186,1447,2,CS,112,M7
4501186,1447,2,ENV,101,M2
4501186,1447,2,MATH,101,M6
4501212,1447,2,COE,224,M2
4501212,1447,2,CS,284,M2
4501212,1447,2,ENGL,214,M2
4501212,1447,2,ENV,101,M2
4501212,1447,2,GS,134,M6
4501229,1447,2,COE,224,M4
4501229,1447,2,CS,284,M4
4501229,1447,2,EDIS,413,M1
4501229,1447,2,ENGL,214,M3
4501229,1447,2,ENV,101,M3
4501379,1447,2,COE,224,M4
4501379,1447,2,CS,284,M2
4501379,1447,2,ENGL,214,M3
4501379,1447,2,ENV,101,M1
4501379,1447,2,GS,303,M10
4501266,1447,2,COE,224,M2
4501266,1447,2,CS,284,M4
4501266,1447,2,EDIS,413,M1
4501266,1447,2,ENGL,214,M2
4501266,1447,2,ENV,101,M3
4501403,1447,2,COE,224,M4
4501403,1447,2,CS,284,M4
4501403,1447,2,ENGL,214,M3
4501403,1447,2,ENV,101,M3
4501520,1447,2,COE,224,M2
4501520,1447,2,CS,284,M2
4501520,1447,2,ENGL,214,M2
4501520,1447,2,ENV,101,M2
4501724,1447,2,COE,224,M4
4501724,1447,2,CS,284,M4
4501724,1447,2,ENGL,214,M3
4501724,1447,2,ENV,101,M3
4501718,1447,2,COE,224,M3
4501718,1447,2,CS,284,M3
4501718,1447,2,ENGL,104,M8
4501718,1447,2,GS,103,M5
4501718,1447,2,MATH,243,M4
4501737,1447,2,COE,224,M2
4501737,1447,2,CS,284,M2
4501737,1447,2,ENGL,214,M2
4501737,1447,2,ENV,101,M2
4501882,1447,2,CS,112,M8
4501882,1447,2,ENV,101,M2
4501882,1447,2,GS,303,M10
4501882,1447,2,MATH,204,M30
4501907,1447,2,COE,224,M2
4501907,1447,2,CS,284,M4
4501907,1447,2,EDIS,311,M1
4501907,1447,2,ENGL,214,M2
4501907,1447,2,ENV,101,M3
4501938,1447,2,CS,112,M8
4501938,1447,2,ENGL,214,M2
4501938,1447,2,ENV,101,M2
4501938,1447,2,PHYS,104,M14
4501944,1447,2,COE,224,M3
4501944,1447,2,CS,112,M36
4501944,1447,2,ENGL,214,M2
4501944,1447,2,MATH,204,M8
4502119,1447,2,COE,224,M1
4502119,1447,2,CS,284,M4
4502119,1447,2,ENGL,214,M2
4502119,1447,2,ENV,101,M3
4502119,1447,2,GS,103,M39
4501960,1447,2,COE,224,M4
4501960,1447,2,CS,112,M7
4501960,1447,2,GS,134,M6
4501960,1447,2,PHYS,104,M16
4502003,1447,2,COE,224,M3
4502003,1447,2,EDPA,315,M1
4502003,1447,2,ENGL,214,M3
4502003,1447,2,GS,103,M39
4502003,1447,2,MATH,204,M8
4502003,1447,2,PHYS,104,M16
4502193,1447,2,COE,224,M1
4502193,1447,2,CS,284,M1
4502193,1447,2,ENGL,214,M1
4502193,1447,2,ENV,101,M1
4502193,1447,2,GS,103,M39
4502240,1447,2,CS,112,M8
4502240,1447,2,ENGL,104,M6
4502240,1447,2,GS,112,M8
4502240,1447,2,MATH,204,M30
4502240,1447,2,PHYS,104,M13
4502323,1447,2,COE,224,M1
4502323,1447,2,CS,284,M1
4502323,1447,2,ENGL,214,M1
4502323,1447,2,ENV,101,M1
4502332,1447,2,COE,224,M2
4502332,1447,2,CS,284,M2
4502332,1447,2,ENGL,214,M3
4502332,1447,2,ENV,101,M2
4502332,1447,2,GS,103,M39
4502411,1447,2,ENGL,104,M7
4502411,1447,2,GS,112,M8
4502411,1447,2,MATH,203,M1
4502411,1447,2,PHYS,104,M14
4502436,1447,2,CS,112,M8
4502436,1447,2,ENGL,104,M6
4502436,1447,2,GS,103,M5
4502436,1447,2,MATH,204,M30
4502478,1447,2,COE,224,M4
4502478,1447,2,CS,112,M7
4502478,1447,2,ENGL,104,M6
4502478,1447,2,ENV,101,M1
4502478,1447,2,GS,103,M5
4502515,1447,2,COE,224,M1
4502515,1447,2,CS,284,M1
4502515,1447,2,ENGL,214,M1
4502515,1447,2,ENV,101,M3
4502591,1447,2,COE,224,M3
4502591,1447,2,EDIS,413,M1
4502591,1447,2,ENGL,214,M3
4502591,1447,2,GS,103,M39
4502591,1447,2,GS,303,M10
4502591,1447,2,MATH,204,M8
4502648,1447,2,CS,112,M39
4502648,1447,2,ENV,101,M2
4502648,1447,2,GS,112,M9
4502648,1447,2,MATH,204,M9
4502648,1447,2,PHYS,104,M16
4502794,1447,2,COE,224,M1
4502794,1447,2,CS,284,M1
4502794,1447,2,ENGL,214,M1
4502794,1447,2,ENV,101,M1
4502805,1447,2,COE,224,M1
4502805,1447,2,CS,284,M1
4502805,1447,2,ENGL,214,M1
4502805,1447,2,ENV,101,M1
4502908,1447,2,CS,284,M3
4502908,1447,2,ENG,102,M18
4502908,1447,2,GS,112,M8
4503014,1447,2,COE,224,M1
4503014,1447,2,CS,284,M1
4503014,1447,2,ENGL,214,M1
4503095,1447,2,ENGL,214,M1
4503095,1447,2,ENV,101,M3
4503095,1447,2,GS,103,M39
4503095,1447,2,GS,303,M11
4503095,1447,2,PHYS,104,M16
4503123,1447,2,CS,112,M7
4503123,1447,2,CS,284,M3
4503123,1447,2,ENGL,214,M3
4503123,1447,2,ENV,101,M1
4503125,1447,2,COE,224,M2
4503125,1447,2,CS,284,M4
4503125,1447,2,EDIS,413,M1
4503125,1447,2,ENGL,214,M2
4503125,1447,2,ENV,101,M3
4503300,1447,2,EDIS,413,M1
4503300,1447,2,ENGL,214,M1
4503300,1447,2,ENV,101,M1
4503836,1447,2,COE,224,M1
4503836,1447,2,CS,284,M1
4503836,1447,2,ENGL,214,M1
4503836,1447,2,ENV,101,M1
4503329,1447,2,COE,224,M4
4503329,1447,2,CS,112,M38
4503329,1447,2,CS,284,M4
4503329,1447,2,ENV,101,M3
4503329,1447,2,MATH,204,M9
4503845,1447,2,COE,224,M1
4503845,1447,2,CS,284,M1
4503845,1447,2,ENGL,214,M1
4503845,1447,2,ENV,101,M1
4503845,1447,2,GS,103,M5
4503885,1447,2,COE,224,M1
4503885,1447,2,CS,284,M1
4503885,1447,2,ENGL,214,M1
4503885,1447,2,ENV,101,M1
4503895,1447,2,COE,224,M3
4503895,1447,2,CS,362,M1
4503895,1447,2,ENGL,214,M3
4503895,1447,2,ENV,101,M3
4503895,1447,2,GS,303,M10
4503914,1447,2,COE,224,M4
4503914,1447,2,ENV,101,M1
4503914,1447,2,GS,103,M39
4504100,1447,2,COE,224,M3
4504100,1447,2,CS,284,M3
4504100,1447,2,ENGL,214,M3
4504100,1447,2,ENV,101,M3
4504100,1447,2,MATH,243,M4
4504146,1447,2,COE,224,M1
4504146,1447,2,CS,284,M1
4504146,1447,2,ENGL,214,M1
4504146,1447,2,ENV,101,M1
4504146,1447,2,GS,103,M5
4504152,1447,2,COE,224,M3
4504152,1447,2,EDIS,413,M1
4504152,1447,2,ENGL,214,M2
4504152,1447,2,MATH,204,M9
4504152,1447,2,PHYS,104,M13
4504168,1447,2,COE,224,M3
4504168,1447,2,CS,284,M2
4504168,1447,2,ENGL,214,M2
4504168,1447,2,GS,103,M39
4504405,1447,2,COE,224,M4
4504405,1447,2,CS,284,M1
4504405,1447,2,EDIS,413,M1
4504405,1447,2,ENGL,214,M7
4504405,1447,2,ENV,101,M1
4504472,1447,2,COE,224,M8
4504472,1447,2,CS,112,M8
4504472,1447,2,ENGL,104,M6
4504472,1447,2,MATH,204,M30
4504472,1447,2,PHYS,104,M14
4504496,1447,2,COE,224,M3
4504496,1447,2,CS,284,M3
4504496,1447,2,EDIS,311,M1
4504554,1447,2,COE,224,M1
4504554,1447,2,CS,284,M1
4504554,1447,2,ENGL,214,M1
4504554,1447,2,ENV,101,M1
4504554,1447,2,GS,103,M5
4504601,1447,2,COE,224,M1
4504601,1447,2,CS,284,M1
4504601,1447,2,ENGL,214,M3
4504601,1447,2,ENV,101,M2
4504602,1447,2,COE,224,M1
4504602,1447,2,CS,284,M1
4504602,1447,2,ENGL,214,M1
4504602,1447,2,ENV,101,M3
4504602,1447,2,GS,134,M6
4504603,1447,2,COE,224,M1
4504603,1447,2,CS,284,M4
4504603,1447,2,ENGL,214,M2
4504603,1447,2,ENV,101,M3
4504603,1447,2,GS,103,M39
4505681,1447,2,COE,224,M3
4505681,1447,2,CS,284,M3
4505681,1447,2,CS,362,M1
4505681,1447,2,CS,487,M2
4505689,1447,2,COE,224,M3
4505689,1447,2,CS,362,M2
4505689,1447,2,CS,372,M1
4505689,1447,2,ENGL,214,M3
4505689,1447,2,GS,103,M39
4505689,1447,2,MATH,204,M8
4505771,1447,2,COE,224,M2
4505771,1447,2,CS,284,M2
4505771,1447,2,ENGL,104,M8
4505771,1447,2,ENV,101,M2
4505771,1447,2,GS,103,M5
4505782,1447,2,COE,224,M2
4505782,1447,2,CS,284,M2
4505782,1447,2,ENGL,214,M2
4505782,1447,2,ENV,101,M2
4505782,1447,2,GS,103,M39
4505782,1447,2,GS,303,M11
4505785,1447,2,COE,224,M2
4505785,1447,2,CS,284,M2
4505785,1447,2,ENGL,214,M2
4505785,1447,2,ENV,101,M2
4505785,1447,2,GS,103,M39
4505785,1447,2,GS,303,M11
4505788,1447,2,COE,224,M4
4505788,1447,2,CS,284,M4
4505788,1447,2,EDPA,315,M1
4505788,1447,2,ENGL,104,M8
4505788,1447,2,PHYS,104,M14
4505790,1447,2,COE,224,M4
4505790,1447,2,CS,284,M4
4505790,1447,2,ENGL,104,M6
4505790,1447,2,GS,103,M39
4505790,1447,2,GS,112,M9
4505790,1447,2,MATH,204,M9
4505793,1447,2,COE,224,M8
4505793,1447,2,ENGL,104,M6
4505793,1447,2,MATH,204,M30
4505793,1447,2,PHYS,104,M14
4505795,1447,2,CHEM,101,M5
4505795,1447,2,COE,224,M3
4505795,1447,2,CS,284,M3
4505795,1447,2,ENGL,104,M6
4714740,1447,2,CHEM,101,M5
4714740,1447,2,MATH,204,M30
4714740,1447,2,PHYS,104,M14
